,match_id,match date,matchweek,home team,away team,score,possession,shots on target,shots
0,58896,Wed 13 Jan 2021,Matchweek 18,Burnley,Manchester United,0-1,37.3 Possession % 62.7,0 Shots on target 7,11 Shots 13
1,58897,Sat 12 Sep 2020,Matchweek 1,Crystal Palace,Southampton,1-0,29.4 Possession % 70.6,3 Shots on target 5,5 Shots 9
2,58898,Sat 12 Sep 2020,Matchweek 1,Fulham,Arsenal,0-3,45.6 Possession % 54.4,2 Shots on target 6,5 Shots 13
3,58899,Sat 12 Sep 2020,Matchweek 1,Liverpool,Leeds United,4-3,48.8 Possession % 51.2,6 Shots on target 3,22 Shots 6
4,58900,Thu 21 Jan 2021,Matchweek 19,Manchester City,Aston Villa,2-0,69.1 Possession % 30.9,9 Shots on target 4,28 Shots 11
5,58901,Sun 13 Sep 2020,Matchweek 1,Tottenham Hotspur,Everton,0-1,51.6 Possession % 48.4,5 Shots on target 4,9 Shots 15
6,58902,Sun 13 Sep 2020,Matchweek 1,West Bromwich Albion,Leicester City,0-3,35.8 Possession % 64.2,1 Shots on target 7,7 Shots 13
7,58903,Sun 13 Sep 2020,Matchweek 1,West Ham United,Newcastle United,0-2,58.3 Possession % 41.7,3 Shots on target 2,15 Shots 15
8,58904,Tue 15 Sep 2020,Matchweek 1,Brighton and Hove Albion,Chelsea,1-3,52.3 Possession % 47.7,3 Shots on target 5,13 Shots 10
9,58905,Tue 15 Sep 2020,Matchweek 1,Sheffield United,Wolverhampton Wanderers,0-2,55.1 Possession % 44.9,2 Shots on target 4,9 Shots 11
10,58906,Sun 20 Sep 2020,Matchweek 2,Arsenal,West Ham United,2-1,62.6 Possession % 37.4,3 Shots on target 3,7 Shots 14
11,58907,Tue 22 Sep 2020,Matchweek 2,Aston Villa,Sheffield United,1-0,71.9 Possession % 28.1,2 Shots on target 1,18 Shots 4
12,58908,Sun 20 Sep 2020,Matchweek 2,Chelsea,Liverpool,0-2,38.7 Possession % 61.3,3 Shots on target 6,5 Shots 18
13,58909,Sat 19 Sep 2020,Matchweek 2,Everton,West Bromwich Albion,5-2,71.3 Possession % 28.7,7 Shots on target 4,17 Shots 6
14,58910,Sat 19 Sep 2020,Matchweek 2,Leeds United,Fulham,4-3,50.3 Possession % 49.7,7 Shots on target 6,10 Shots 14
15,58911,Mon 21 Sep 2020,Matchweek 2,Leicester City,Burnley,4-2,67.8 Possession % 32.2,6 Shots on target 5,14 Shots 16
16,58912,Sat 19 Sep 2020,Matchweek 2,Manchester United,Crystal Palace,1-3,75.8 Possession % 24.2,4 Shots on target 5,17 Shots 14
17,58913,Sun 20 Sep 2020,Matchweek 2,Newcastle United,Brighton and Hove Albion,0-3,47.2 Possession % 52.8,0 Shots on target 6,6 Shots 13
18,58914,Sun 20 Sep 2020,Matchweek 2,Southampton,Tottenham Hotspur,2-5,52.5 Possession % 47.5,7 Shots on target 6,14 Shots 9
19,58915,Tue 22 Sep 2020,Matchweek 2,Wolverhampton Wanderers,Manchester City,1-3,34.8 Possession % 65.2,1 Shots on target 9,10 Shots 14
20,58916,Sat 26 Sep 2020,Matchweek 3,Brighton and Hove Albion,Manchester United,2-3,53.3 Possession % 46.7,5 Shots on target 3,18 Shots 7
21,58917,Sun 27 Sep 2020,Matchweek 3,Burnley,Southampton,0-1,53.4 Possession % 46.6,2 Shots on target 1,10 Shots 5
22,58918,Sat 26 Sep 2020,Matchweek 3,Crystal Palace,Everton,1-2,42.3 Possession % 57.7,1 Shots on target 5,8 Shots 10
23,58919,Mon 28 Sep 2020,Matchweek 3,Fulham,Aston Villa,0-3,65 Possession % 35,3 Shots on target 5,16 Shots 12
24,58920,Tue 29 Sep 2020,Matchweek 3,Liverpool,Arsenal,3-1,66 Possession % 34,8 Shots on target 3,21 Shots 4
25,58921,Sun 27 Sep 2020,Matchweek 3,Manchester City,Leicester City,2-5,71.7 Possession % 28.3,5 Shots on target 7,16 Shots 7
26,58922,Sun 27 Sep 2020,Matchweek 3,Sheffield United,Leeds United,0-1,36.3 Possession % 63.7,4 Shots on target 9,14 Shots 17
27,58923,Sun 27 Sep 2020,Matchweek 3,Tottenham Hotspur,Newcastle United,1-1,65.8 Possession % 34.2,12 Shots on target 1,23 Shots 6
28,58924,Sat 26 Sep 2020,Matchweek 3,West Bromwich Albion,Chelsea,3-3,24.1 Possession % 75.9,3 Shots on target 10,9 Shots 22
29,58925,Mon 28 Sep 2020,Matchweek 3,West Ham United,Wolverhampton Wanderers,4-0,36.9 Possession % 63.1,7 Shots on target 2,15 Shots 11
30,58926,Sun 4 Oct 2020,Matchweek 4,Arsenal,Sheffield United,2-1,64.5 Possession % 35.5,5 Shots on target 2,6 Shots 6
31,58927,Mon 5 Oct 2020,Matchweek 4,Aston Villa,Liverpool,7-2,30.2 Possession % 69.8,11 Shots on target 8,18 Shots 14
32,58928,Sat 3 Oct 2020,Matchweek 4,Chelsea,Crystal Palace,4-0,70.9 Possession % 29.1,6 Shots on target 0,17 Shots 4
33,58929,Sat 3 Oct 2020,Matchweek 4,Everton,Brighton and Hove Albion,4-2,43.4 Possession % 56.6,6 Shots on target 3,11 Shots 11
34,58930,Sat 3 Oct 2020,Matchweek 4,Leeds United,Manchester City,1-1,52.1 Possession % 47.9,7 Shots on target 2,12 Shots 23
35,58931,Sun 4 Oct 2020,Matchweek 4,Leicester City,West Ham United,0-3,69.5 Possession % 30.5,0 Shots on target 6,4 Shots 14
36,58932,Sun 4 Oct 2020,Matchweek 4,Manchester United,Tottenham Hotspur,1-6,38.4 Possession % 61.6,2 Shots on target 8,5 Shots 22
37,58933,Sun 4 Oct 2020,Matchweek 4,Newcastle United,Burnley,3-1,47.7 Possession % 52.3,5 Shots on target 3,10 Shots 7
38,58934,Sun 4 Oct 2020,Matchweek 4,Southampton,West Bromwich Albion,2-0,61.6 Possession % 38.4,7 Shots on target 2,13 Shots 5
39,58935,Sun 4 Oct 2020,Matchweek 4,Wolverhampton Wanderers,Fulham,1-0,47.1 Possession % 52.9,5 Shots on target 2,14 Shots 10
40,58936,Sat 17 Oct 2020,Matchweek 5,Chelsea,Southampton,3-3,53.4 Possession % 46.6,5 Shots on target 6,11 Shots 13
41,58937,Sun 18 Oct 2020,Matchweek 5,Crystal Palace,Brighton and Hove Albion,1-1,34.3 Possession % 65.7,1 Shots on target 3,1 Shots 20
42,58938,Sat 17 Oct 2020,Matchweek 5,Everton,Liverpool,2-2,41.9 Possession % 58.1,5 Shots on target 8,11 Shots 22
43,58939,Tue 20 Oct 2020,Matchweek 5,Leeds United,Wolverhampton Wanderers,0-1,67.8 Possession % 32.2,2 Shots on target 3,13 Shots 7
44,58940,Mon 19 Oct 2020,Matchweek 5,Leicester City,Aston Villa,0-1,50.5 Possession % 49.5,5 Shots on target 4,11 Shots 10
45,58941,Sat 17 Oct 2020,Matchweek 5,Manchester City,Arsenal,1-0,58.5 Possession % 41.5,5 Shots on target 3,13 Shots 11
46,58942,Sun 18 Oct 2020,Matchweek 5,Newcastle United,Manchester United,1-4,36.4 Possession % 63.6,4 Shots on target 14,7 Shots 28
47,58943,Sun 18 Oct 2020,Matchweek 5,Sheffield United,Fulham,1-1,41.5 Possession % 58.5,6 Shots on target 6,10 Shots 15
48,58944,Sun 18 Oct 2020,Matchweek 5,Tottenham Hotspur,West Ham United,3-3,51.2 Possession % 48.8,6 Shots on target 4,11 Shots 13
49,58945,Mon 19 Oct 2020,Matchweek 5,West Bromwich Albion,Burnley,0-0,56.8 Possession % 43.2,6 Shots on target 4,13 Shots 9
50,58946,Mon 26 Oct 2020,Matchweek 6,Arsenal,Leicester City,0-1,56.3 Possession % 43.7,4 Shots on target 2,12 Shots 6
51,58947,Sat 24 Oct 2020,Matchweek 6,Aston Villa,Leeds United,0-3,40.8 Possession % 59.2,4 Shots on target 9,12 Shots 27
52,58948,Tue 27 Oct 2020,Matchweek 6,Brighton and Hove Albion,West Bromwich Albion,1-1,49.7 Possession % 50.3,3 Shots on target 3,5 Shots 9
53,58949,Tue 27 Oct 2020,Matchweek 6,Burnley,Tottenham Hotspur,0-1,38.3 Possession % 61.7,4 Shots on target 3,13 Shots 9
54,58950,Sat 24 Oct 2020,Matchweek 6,Fulham,Crystal Palace,1-2,64.2 Possession % 35.8,3 Shots on target 10,16 Shots 14
55,58951,Sun 25 Oct 2020,Matchweek 6,Liverpool,Sheffield United,2-1,62.2 Possession % 37.8,5 Shots on target 2,17 Shots 13
56,58952,Sat 24 Oct 2020,Matchweek 6,Manchester United,Chelsea,0-0,50.2 Possession % 49.8,4 Shots on target 1,14 Shots 6
57,58953,Sun 25 Oct 2020,Matchweek 6,Southampton,Everton,2-0,54.3 Possession % 45.7,6 Shots on target 2,13 Shots 6
58,58954,Sat 24 Oct 2020,Matchweek 6,West Ham United,Manchester City,1-1,30.5 Possession % 69.5,2 Shots on target 7,6 Shots 14
59,58955,Sun 25 Oct 2020,Matchweek 6,Wolverhampton Wanderers,Newcastle United,1-1,63.4 Possession % 36.6,3 Shots on target 2,16 Shots 5
60,58956,Sun 1 Nov 2020,Matchweek 7,Aston Villa,Southampton,3-4,55.9 Possession % 44.1,10 Shots on target 4,19 Shots 9
61,58957,Sat 31 Oct 2020,Matchweek 7,Burnley,Chelsea,0-3,36.3 Possession % 63.7,0 Shots on target 9,5 Shots 14
62,58958,Tue 3 Nov 2020,Matchweek 7,Fulham,West Bromwich Albion,2-0,45.7 Possession % 54.3,6 Shots on target 1,13 Shots 10
63,58959,Tue 3 Nov 2020,Matchweek 7,Leeds United,Leicester City,1-4,67.5 Possession % 32.5,4 Shots on target 8,11 Shots 10
64,58960,Sun 1 Nov 2020,Matchweek 7,Liverpool,West Ham United,2-1,72.4 Possession % 27.6,5 Shots on target 3,9 Shots 4
65,58961,Sun 1 Nov 2020,Matchweek 7,Manchester United,Arsenal,0-1,53.3 Possession % 46.7,2 Shots on target 2,8 Shots 7
66,58962,Sun 1 Nov 2020,Matchweek 7,Newcastle United,Everton,2-1,37.7 Possession % 62.3,4 Shots on target 4,11 Shots 15
67,58963,Sat 31 Oct 2020,Matchweek 7,Sheffield United,Manchester City,0-1,35.2 Possession % 64.8,1 Shots on target 8,3 Shots 16
68,58964,Mon 2 Nov 2020,Matchweek 7,Tottenham Hotspur,Brighton and Hove Albion,2-1,43.4 Possession % 56.6,3 Shots on target 2,9 Shots 6
69,58965,Sat 31 Oct 2020,Matchweek 7,Wolverhampton Wanderers,Crystal Palace,2-0,45 Possession % 55,5 Shots on target 2,15 Shots 11
70,58966,Mon 9 Nov 2020,Matchweek 8,Arsenal,Aston Villa,0-3,58.8 Possession % 41.2,2 Shots on target 6,13 Shots 15
71,58967,Sat 7 Nov 2020,Matchweek 8,Brighton and Hove Albion,Burnley,0-0,58.9 Possession % 41.1,3 Shots on target 1,19 Shots 4
72,58968,Sun 8 Nov 2020,Matchweek 8,Chelsea,Sheffield United,4-1,70.1 Possession % 29.9,9 Shots on target 3,20 Shots 6
73,58969,Sat 7 Nov 2020,Matchweek 8,Crystal Palace,Leeds United,4-1,35.2 Possession % 64.8,6 Shots on target 3,10 Shots 9
74,58970,Sat 7 Nov 2020,Matchweek 8,Everton,Manchester United,1-3,54.7 Possession % 45.3,1 Shots on target 5,7 Shots 13
75,58971,Sun 8 Nov 2020,Matchweek 8,Leicester City,Wolverhampton Wanderers,1-0,49.6 Possession % 50.4,3 Shots on target 2,10 Shots 8
76,58972,Sun 8 Nov 2020,Matchweek 8,Manchester City,Liverpool,1-1,54.6 Possession % 45.4,2 Shots on target 3,7 Shots 10
77,58973,Sat 7 Nov 2020,Matchweek 8,Southampton,Newcastle United,2-0,60.7 Possession % 39.3,8 Shots on target 2,15 Shots 4
78,58974,Sun 8 Nov 2020,Matchweek 8,West Bromwich Albion,Tottenham Hotspur,0-1,41.2 Possession % 58.8,2 Shots on target 5,12 Shots 19
79,58975,Sun 8 Nov 2020,Matchweek 8,West Ham United,Fulham,1-0,53 Possession % 47,7 Shots on target 3,16 Shots 13
80,58976,Sat 21 Nov 2020,Matchweek 9,Aston Villa,Brighton and Hove Albion,1-2,55.4 Possession % 44.6,4 Shots on target 3,15 Shots 7
81,58977,Tue 24 Nov 2020,Matchweek 9,Burnley,Crystal Palace,1-0,46.1 Possession % 53.9,4 Shots on target 5,10 Shots 15
82,58978,Sun 22 Nov 2020,Matchweek 9,Fulham,Everton,2-3,54.1 Possession % 45.9,6 Shots on target 7,14 Shots 9
83,58979,Sun 22 Nov 2020,Matchweek 9,Leeds United,Arsenal,0-0,66.3 Possession % 33.7,4 Shots on target 2,25 Shots 9
84,58980,Mon 23 Nov 2020,Matchweek 9,Liverpool,Leicester City,3-0,56.4 Possession % 43.6,13 Shots on target 4,24 Shots 11
85,58981,Sun 22 Nov 2020,Matchweek 9,Manchester United,West Bromwich Albion,1-0,63.1 Possession % 36.9,7 Shots on target 2,17 Shots 7
86,58982,Sat 21 Nov 2020,Matchweek 9,Newcastle United,Chelsea,0-2,29 Possession % 71,1 Shots on target 3,8 Shots 14
87,58983,Sun 22 Nov 2020,Matchweek 9,Sheffield United,West Ham United,0-1,50.9 Possession % 49.1,5 Shots on target 3,9 Shots 15
88,58984,Sun 22 Nov 2020,Matchweek 9,Tottenham Hotspur,Manchester City,2-0,33.9 Possession % 66.1,2 Shots on target 5,4 Shots 22
89,58985,Tue 24 Nov 2020,Matchweek 9,Wolverhampton Wanderers,Southampton,1-1,45.3 Possession % 54.7,9 Shots on target 2,20 Shots 7
90,58986,Mon 30 Nov 2020,Matchweek 10,Arsenal,Wolverhampton Wanderers,1-2,56.2 Possession % 43.8,2 Shots on target 5,13 Shots 11
91,58987,Sat 28 Nov 2020,Matchweek 10,Brighton and Hove Albion,Liverpool,1-1,40.4 Possession % 59.6,3 Shots on target 2,11 Shots 6
92,58988,Sun 29 Nov 2020,Matchweek 10,Chelsea,Tottenham Hotspur,0-0,60.3 Possession % 39.7,3 Shots on target 1,13 Shots 5
93,58989,Sat 28 Nov 2020,Matchweek 10,Crystal Palace,Newcastle United,0-2,57.4 Possession % 42.6,3 Shots on target 7,12 Shots 14
94,58990,Sun 29 Nov 2020,Matchweek 10,Everton,Leeds United,0-1,41.8 Possession % 58.2,8 Shots on target 6,15 Shots 23
95,58991,Tue 1 Dec 2020,Matchweek 10,Leicester City,Fulham,1-2,68 Possession % 32,3 Shots on target 5,16 Shots 10
96,58992,Sat 28 Nov 2020,Matchweek 10,Manchester City,Burnley,5-0,68.6 Possession % 31.4,6 Shots on target 1,19 Shots 9
97,58993,Sun 29 Nov 2020,Matchweek 10,Southampton,Manchester United,2-3,49.9 Possession % 50.1,5 Shots on target 6,10 Shots 15
98,58994,Sun 29 Nov 2020,Matchweek 10,West Bromwich Albion,Sheffield United,1-0,48.7 Possession % 51.3,6 Shots on target 5,17 Shots 21
99,58995,Tue 1 Dec 2020,Matchweek 10,West Ham United,Aston Villa,2-1,34 Possession % 66,2 Shots on target 6,6 Shots 16
100,58996,Sun 24 Jan 2021,Matchweek 19,Aston Villa,Newcastle United,2-0,59.2 Possession % 40.8,5 Shots on target 1,14 Shots 7
101,58997,Tue 8 Dec 2020,Matchweek 11,Brighton and Hove Albion,Southampton,1-2,47.7 Possession % 52.3,4 Shots on target 3,12 Shots 10
102,58998,Sat 5 Dec 2020,Matchweek 11,Burnley,Everton,1-1,41.4 Possession % 58.6,3 Shots on target 6,8 Shots 13
103,58999,Sun 6 Dec 2020,Matchweek 11,Chelsea,Leeds United,3-1,45.8 Possession % 54.2,11 Shots on target 3,23 Shots 8
104,59000,Mon 7 Dec 2020,Matchweek 11,Liverpool,Wolverhampton Wanderers,4-0,60.6 Possession % 39.4,6 Shots on target 3,11 Shots 9
105,59001,Sat 5 Dec 2020,Matchweek 11,Manchester City,Fulham,2-0,68.9 Possession % 31.1,5 Shots on target 1,15 Shots 6
106,59002,Sun 6 Dec 2020,Matchweek 11,Sheffield United,Leicester City,1-2,29.7 Possession % 70.3,1 Shots on target 4,4 Shots 13
107,59003,Sun 6 Dec 2020,Matchweek 11,Tottenham Hotspur,Arsenal,2-0,30.2 Possession % 69.8,3 Shots on target 2,5 Shots 11
108,59004,Sun 6 Dec 2020,Matchweek 11,West Bromwich Albion,Crystal Palace,1-5,50.1 Possession % 49.9,4 Shots on target 7,9 Shots 18
109,59005,Sun 6 Dec 2020,Matchweek 11,West Ham United,Manchester United,1-3,39.3 Possession % 60.7,6 Shots on target 6,19 Shots 15
110,59006,Mon 14 Dec 2020,Matchweek 12,Arsenal,Burnley,0-1,64.7 Possession % 35.3,6 Shots on target 2,18 Shots 10
111,59007,Sun 13 Dec 2020,Matchweek 12,Crystal Palace,Tottenham Hotspur,1-1,42.9 Possession % 57.1,5 Shots on target 6,16 Shots 14
112,59008,Sun 13 Dec 2020,Matchweek 12,Everton,Chelsea,1-0,28 Possession % 72,4 Shots on target 3,9 Shots 10
113,59009,Sun 13 Dec 2020,Matchweek 12,Fulham,Liverpool,1-1,24.9 Possession % 75.1,5 Shots on target 6,10 Shots 12
114,59010,Sat 12 Dec 2020,Matchweek 12,Leeds United,West Ham United,1-2,64 Possession % 36,7 Shots on target 8,13 Shots 19
115,59011,Mon 14 Dec 2020,Matchweek 12,Leicester City,Brighton and Hove Albion,3-0,54.1 Possession % 45.9,6 Shots on target 4,15 Shots 12
116,59012,Sun 13 Dec 2020,Matchweek 12,Manchester United,Manchester City,0-0,46.1 Possession % 53.9,2 Shots on target 2,11 Shots 9
117,59013,Sat 12 Dec 2020,Matchweek 12,Newcastle United,West Bromwich Albion,2-1,45.3 Possession % 54.7,7 Shots on target 3,12 Shots 13
118,59014,Sun 13 Dec 2020,Matchweek 12,Southampton,Sheffield United,3-0,68.2 Possession % 31.8,6 Shots on target 0,16 Shots 3
119,59015,Sat 12 Dec 2020,Matchweek 12,Wolverhampton Wanderers,Aston Villa,0-1,50.5 Possession % 49.5,7 Shots on target 2,16 Shots 13
120,59016,Thu 17 Dec 2020,Matchweek 13,Arsenal,Southampton,1-1,35.2 Possession % 64.8,4 Shots on target 3,9 Shots 13
121,59017,Fri 18 Dec 2020,Matchweek 13,Aston Villa,Burnley,0-0,59.1 Possession % 40.9,7 Shots on target 4,27 Shots 6
122,59018,Thu 17 Dec 2020,Matchweek 13,Fulham,Brighton and Hove Albion,0-0,46.4 Possession % 53.6,4 Shots on target 4,9 Shots 9
123,59019,Thu 17 Dec 2020,Matchweek 13,Leeds United,Newcastle United,5-2,68.7 Possession % 31.3,10 Shots on target 4,25 Shots 10
124,59020,Thu 17 Dec 2020,Matchweek 13,Leicester City,Everton,0-2,61 Possession % 39,2 Shots on target 6,14 Shots 11
125,59021,Fri 18 Dec 2020,Matchweek 13,Sheffield United,Manchester United,2-3,40.1 Possession % 59.9,6 Shots on target 9,12 Shots 15
126,59022,Thu 17 Dec 2020,Matchweek 13,West Ham United,Crystal Palace,1-1,51.9 Possession % 48.1,2 Shots on target 2,9 Shots 8
127,59023,Wed 16 Dec 2020,Matchweek 13,Wolverhampton Wanderers,Chelsea,2-1,45.1 Possession % 54.9,4 Shots on target 3,12 Shots 13
128,59024,Thu 17 Dec 2020,Matchweek 13,Liverpool,Tottenham Hotspur,2-1,75.8 Possession % 24.2,11 Shots on target 2,17 Shots 8
129,59025,Wed 16 Dec 2020,Matchweek 13,Manchester City,West Bromwich Albion,1-1,77.2 Possession % 22.8,7 Shots on target 1,26 Shots 5
130,59026,Sun 20 Dec 2020,Matchweek 14,Brighton and Hove Albion,Sheffield United,1-1,73.5 Possession % 26.5,5 Shots on target 3,21 Shots 5
131,59027,Tue 22 Dec 2020,Matchweek 14,Burnley,Wolverhampton Wanderers,2-1,36.4 Possession % 63.6,4 Shots on target 3,10 Shots 15
132,59028,Tue 22 Dec 2020,Matchweek 14,Chelsea,West Ham United,3-0,53.7 Possession % 46.3,7 Shots on target 0,11 Shots 6
133,59029,Sat 19 Dec 2020,Matchweek 14,Crystal Palace,Liverpool,0-7,35.3 Possession % 64.7,3 Shots on target 8,5 Shots 14
134,59030,Sun 20 Dec 2020,Matchweek 14,Everton,Arsenal,2-1,42.2 Possession % 57.8,2 Shots on target 2,9 Shots 13
135,59031,Sun 20 Dec 2020,Matchweek 14,Manchester United,Leeds United,6-2,41.5 Possession % 58.5,14 Shots on target 4,26 Shots 17
136,59032,Sun 20 Dec 2020,Matchweek 14,Newcastle United,Fulham,1-1,49.5 Possession % 50.5,5 Shots on target 4,12 Shots 11
137,59033,Sat 19 Dec 2020,Matchweek 14,Southampton,Manchester City,0-1,48.3 Possession % 51.7,3 Shots on target 5,9 Shots 11
138,59034,Sun 20 Dec 2020,Matchweek 14,Tottenham Hotspur,Leicester City,0-2,56.4 Possession % 43.6,3 Shots on target 4,8 Shots 17
139,59035,Mon 21 Dec 2020,Matchweek 14,West Bromwich Albion,Aston Villa,0-3,32.7 Possession % 67.3,1 Shots on target 10,1 Shots 19
140,59036,Sun 27 Dec 2020,Matchweek 15,Arsenal,Chelsea,3-1,39 Possession % 61,7 Shots on target 3,15 Shots 19
141,59037,Sat 26 Dec 2020,Matchweek 15,Aston Villa,Crystal Palace,3-0,38.6 Possession % 61.4,9 Shots on target 6,20 Shots 13
142,59038,Sat 26 Dec 2020,Matchweek 15,Fulham,Southampton,0-0,46.7 Possession % 53.3,1 Shots on target 2,10 Shots 3
143,59039,Sun 27 Dec 2020,Matchweek 15,Leeds United,Burnley,1-0,51.4 Possession % 48.6,4 Shots on target 6,11 Shots 14
144,59040,Sat 26 Dec 2020,Matchweek 15,Leicester City,Manchester United,2-2,54.4 Possession % 45.6,2 Shots on target 4,10 Shots 9
145,59041,Sun 27 Dec 2020,Matchweek 15,Liverpool,West Bromwich Albion,1-1,78.4 Possession % 21.6,2 Shots on target 3,17 Shots 5
146,59042,Sun 27 Dec 2020,Matchweek 15,Manchester City,Newcastle United,2-0,75.1 Possession % 24.9,6 Shots on target 2,11 Shots 7
147,59043,Sun 27 Dec 2020,Matchweek 15,Sheffield United,Everton,0-1,43.8 Possession % 56.2,2 Shots on target 3,10 Shots 7
148,59044,Sun 27 Dec 2020,Matchweek 15,West Ham United,Brighton and Hove Albion,2-2,43.6 Possession % 56.4,4 Shots on target 4,11 Shots 13
149,59045,Mon 28 Dec 2020,Matchweek 15,Wolverhampton Wanderers,Tottenham Hotspur,1-1,54.8 Possession % 45.2,6 Shots on target 3,11 Shots 6
150,59046,Wed 30 Dec 2020,Matchweek 16,Brighton and Hove Albion,Arsenal,0-1,49.7 Possession % 50.3,2 Shots on target 3,13 Shots 11
151,59047,Wed 30 Dec 2020,Matchweek 16,Burnley,Sheffield United,1-0,37.1 Possession % 62.9,3 Shots on target 3,5 Shots 7
152,59048,Tue 29 Dec 2020,Matchweek 16,Chelsea,Aston Villa,1-1,63.4 Possession % 36.6,5 Shots on target 2,16 Shots 10
153,59049,Mon 28 Dec 2020,Matchweek 16,Crystal Palace,Leicester City,1-1,33.1 Possession % 66.9,1 Shots on target 3,4 Shots 17
154,59050,Thu 18 Feb 2021,Matchweek 24,Everton,Manchester City,1-3,29.6 Possession % 70.4,2 Shots on target 7,3 Shots 16
155,59051,Wed 30 Dec 2020,Matchweek 16,Manchester United,Wolverhampton Wanderers,1-0,58.2 Possession % 41.8,3 Shots on target 5,11 Shots 9
156,59052,Thu 31 Dec 2020,Matchweek 16,Newcastle United,Liverpool,0-0,26.9 Possession % 73.1,2 Shots on target 4,8 Shots 11
157,59053,Wed 30 Dec 2020,Matchweek 16,Southampton,West Ham United,0-0,62.6 Possession % 37.4,3 Shots on target 3,8 Shots 8
158,59054,Thu 14 Jan 2021,Matchweek 18,Tottenham Hotspur,Fulham,1-1,52.4 Possession % 47.6,6 Shots on target 4,15 Shots 15
159,59055,Wed 30 Dec 2020,Matchweek 16,West Bromwich Albion,Leeds United,0-5,24.4 Possession % 75.6,1 Shots on target 6,4 Shots 14
160,59056,Sun 3 Jan 2021,Matchweek 17,Brighton and Hove Albion,Wolverhampton Wanderers,3-3,54.5 Possession % 45.5,4 Shots on target 4,13 Shots 11
161,59057,Thu 18 Feb 2021,Matchweek 24,Burnley,Fulham,1-1,46 Possession % 54,3 Shots on target 3,8 Shots 8
162,59058,Sun 3 Jan 2021,Matchweek 17,Chelsea,Manchester City,1-3,54.6 Possession % 45.4,2 Shots on target 6,9 Shots 18
163,59059,Sat 2 Jan 2021,Matchweek 17,Crystal Palace,Sheffield United,2-0,44.4 Possession % 55.6,4 Shots on target 2,9 Shots 7
164,59060,Sat 2 Jan 2021,Matchweek 17,Everton,West Ham United,0-1,60 Possession % 40,2 Shots on target 5,10 Shots 11
165,59061,Sat 2 Jan 2021,Matchweek 17,Manchester United,Aston Villa,2-1,48.4 Possession % 51.6,9 Shots on target 5,19 Shots 15
166,59062,Sun 3 Jan 2021,Matchweek 17,Newcastle United,Leicester City,1-2,43.3 Possession % 56.7,2 Shots on target 3,8 Shots 9
167,59063,Tue 5 Jan 2021,Matchweek 17,Southampton,Liverpool,1-0,33 Possession % 67,3 Shots on target 1,7 Shots 17
168,59064,Sat 2 Jan 2021,Matchweek 17,Tottenham Hotspur,Leeds United,3-0,36.7 Possession % 63.3,7 Shots on target 5,20 Shots 18
169,59065,Sun 3 Jan 2021,Matchweek 17,West Bromwich Albion,Arsenal,0-4,38.1 Possession % 61.9,3 Shots on target 12,7 Shots 21
170,59066,Fri 15 Jan 2021,Matchweek 18,Arsenal,Crystal Palace,0-0,67.3 Possession % 32.7,4 Shots on target 2,11 Shots 12
171,59067,Mon 22 Mar 2021,Matchweek 29,Aston Villa,Tottenham Hotspur,0-2,50.1 Possession % 49.9,1 Shots on target 3,8 Shots 9
172,59068,Thu 21 Jan 2021,Matchweek 19,Fulham,Manchester United,1-2,38.4 Possession % 61.6,5 Shots on target 5,12 Shots 15
173,59069,Wed 24 Feb 2021,Matchweek 25,Leeds United,Southampton,3-0,46.7 Possession % 53.3,7 Shots on target 5,11 Shots 13
174,59070,Wed 20 Jan 2021,Matchweek 19,Leicester City,Chelsea,2-0,35.6 Possession % 64.4,6 Shots on target 5,8 Shots 9
175,59071,Wed 13 Jan 2021,Matchweek 18,Sheffield United,Newcastle United,1-0,66.2 Possession % 33.8,4 Shots on target 3,17 Shots 7
176,59072,Wed 20 Jan 2021,Matchweek 19,West Ham United,West Bromwich Albion,2-1,59 Possession % 41,6 Shots on target 2,14 Shots 6
177,59073,Wed 13 Jan 2021,Matchweek 18,Wolverhampton Wanderers,Everton,1-2,52.8 Possession % 47.2,3 Shots on target 3,12 Shots 5
178,59074,Fri 22 Jan 2021,Matchweek 19,Liverpool,Burnley,0-1,71.8 Possession % 28.2,6 Shots on target 4,27 Shots 6
179,59075,Thu 14 Jan 2021,Matchweek 18,Manchester City,Brighton and Hove Albion,1-0,65.1 Possession % 34.9,6 Shots on target 1,16 Shots 5
180,59076,Tue 19 Jan 2021,Matchweek 19,Arsenal,Newcastle United,3-0,66.4 Possession % 33.6,6 Shots on target 1,20 Shots 4
181,59077,Fri 14 May 2021,Matchweek 35,Aston Villa,Everton,0-0,58 Possession % 42,2 Shots on target 5,13 Shots 15
182,59078,Sun 17 Jan 2021,Matchweek 19,Fulham,Chelsea,0-1,30.2 Possession % 69.8,3 Shots on target 6,10 Shots 21
183,59079,Sat 16 Jan 2021,Matchweek 19,Leeds United,Brighton and Hove Albion,0-1,66.6 Possession % 33.4,2 Shots on target 2,7 Shots 7
184,59080,Sun 17 Jan 2021,Matchweek 19,Leicester City,Southampton,2-0,47.4 Possession % 52.6,5 Shots on target 3,16 Shots 8
185,59081,Sun 17 Jan 2021,Matchweek 19,Liverpool,Manchester United,0-0,65.7 Possession % 34.3,3 Shots on target 4,17 Shots 8
186,59082,Mon 18 Jan 2021,Matchweek 19,Manchester City,Crystal Palace,4-0,72.2 Possession % 27.8,6 Shots on target 0,13 Shots 2
187,59083,Sun 17 Jan 2021,Matchweek 19,Sheffield United,Tottenham Hotspur,1-3,42 Possession % 58,5 Shots on target 5,15 Shots 14
188,59084,Sat 16 Jan 2021,Matchweek 19,West Ham United,Burnley,1-0,44.8 Possession % 55.2,4 Shots on target 2,15 Shots 10
189,59085,Sat 16 Jan 2021,Matchweek 19,Wolverhampton Wanderers,West Bromwich Albion,2-3,67.8 Possession % 32.2,6 Shots on target 5,23 Shots 12
190,59086,Thu 28 Jan 2021,Matchweek 20,Brighton and Hove Albion,Fulham,0-0,49.5 Possession % 50.5,5 Shots on target 3,16 Shots 10
191,59087,Thu 28 Jan 2021,Matchweek 20,Burnley,Aston Villa,3-2,38.2 Possession % 61.8,5 Shots on target 10,10 Shots 18
192,59088,Thu 28 Jan 2021,Matchweek 20,Everton,Leicester City,1-1,35 Possession % 65,2 Shots on target 6,8 Shots 19
193,59089,Thu 28 Jan 2021,Matchweek 20,Manchester United,Sheffield United,1-2,75.8 Possession % 24.2,4 Shots on target 3,16 Shots 5
194,59090,Wed 27 Jan 2021,Matchweek 20,West Bromwich Albion,Manchester City,0-5,22.3 Possession % 77.7,1 Shots on target 7,4 Shots 18
195,59091,Thu 28 Jan 2021,Matchweek 20,Chelsea,Wolverhampton Wanderers,0-0,78.9 Possession % 21.1,5 Shots on target 0,14 Shots 4
196,59092,Wed 27 Jan 2021,Matchweek 20,Crystal Palace,West Ham United,2-3,54.2 Possession % 45.8,3 Shots on target 7,6 Shots 17
197,59093,Wed 27 Jan 2021,Matchweek 20,Newcastle United,Leeds United,1-2,42.3 Possession % 57.7,5 Shots on target 2,22 Shots 9
198,59094,Wed 27 Jan 2021,Matchweek 20,Southampton,Arsenal,1-3,58 Possession % 42,5 Shots on target 5,13 Shots 9
199,59095,Fri 29 Jan 2021,Matchweek 20,Tottenham Hotspur,Liverpool,1-3,49.8 Possession % 50.2,2 Shots on target 7,3 Shots 14
200,59096,Sun 31 Jan 2021,Matchweek 21,Arsenal,Manchester United,0-0,43.3 Possession % 56.7,3 Shots on target 3,17 Shots 14
201,59097,Mon 1 Feb 2021,Matchweek 21,Brighton and Hove Albion,Tottenham Hotspur,1-0,43.2 Possession % 56.8,5 Shots on target 4,16 Shots 8
202,59098,Sun 31 Jan 2021,Matchweek 21,Chelsea,Burnley,2-0,71.1 Possession % 28.9,8 Shots on target 0,19 Shots 1
203,59099,Sat 30 Jan 2021,Matchweek 21,Crystal Palace,Wolverhampton Wanderers,1-0,47.3 Possession % 52.7,2 Shots on target 4,11 Shots 6
204,59100,Sat 30 Jan 2021,Matchweek 21,Everton,Newcastle United,0-2,60.9 Possession % 39.1,3 Shots on target 3,11 Shots 13
205,59101,Sun 31 Jan 2021,Matchweek 21,Leicester City,Leeds United,1-3,50.8 Possession % 49.2,8 Shots on target 7,18 Shots 8
206,59102,Sat 30 Jan 2021,Matchweek 21,Manchester City,Sheffield United,1-0,75 Possession % 25,5 Shots on target 1,10 Shots 4
207,59103,Sun 31 Jan 2021,Matchweek 21,Southampton,Aston Villa,0-1,59.8 Possession % 40.2,5 Shots on target 4,20 Shots 8
208,59104,Sat 30 Jan 2021,Matchweek 21,West Bromwich Albion,Fulham,2-2,37.5 Possession % 62.5,3 Shots on target 7,5 Shots 12
209,59105,Sun 31 Jan 2021,Matchweek 21,West Ham United,Liverpool,1-3,32.8 Possession % 67.2,2 Shots on target 5,8 Shots 14
210,59106,Thu 4 Feb 2021,Matchweek 22,Aston Villa,West Ham United,1-3,56.5 Possession % 43.5,2 Shots on target 10,9 Shots 20
211,59107,Thu 4 Feb 2021,Matchweek 22,Burnley,Manchester City,0-2,25.7 Possession % 74.3,0 Shots on target 6,2 Shots 13
212,59108,Thu 4 Feb 2021,Matchweek 22,Fulham,Leicester City,0-2,57.5 Possession % 42.5,1 Shots on target 5,8 Shots 9
213,59109,Thu 4 Feb 2021,Matchweek 22,Leeds United,Everton,1-2,63.2 Possession % 36.8,7 Shots on target 6,16 Shots 10
214,59110,Wed 3 Feb 2021,Matchweek 22,Manchester United,Southampton,9-0,74.6 Possession % 25.4,14 Shots on target 1,24 Shots 3
215,59111,Wed 3 Feb 2021,Matchweek 22,Sheffield United,West Bromwich Albion,2-1,68.3 Possession % 31.7,6 Shots on target 4,14 Shots 8
216,59112,Wed 3 Feb 2021,Matchweek 22,Wolverhampton Wanderers,Arsenal,2-1,54.6 Possession % 45.4,7 Shots on target 3,11 Shots 9
217,59113,Thu 4 Feb 2021,Matchweek 22,Liverpool,Brighton and Hove Albion,0-1,63.4 Possession % 36.6,1 Shots on target 4,11 Shots 13
218,59114,Wed 3 Feb 2021,Matchweek 22,Newcastle United,Crystal Palace,1-2,61.3 Possession % 38.7,5 Shots on target 3,21 Shots 6
219,59115,Fri 5 Feb 2021,Matchweek 22,Tottenham Hotspur,Chelsea,0-1,42 Possession % 58,2 Shots on target 2,7 Shots 16
220,59116,Sat 6 Feb 2021,Matchweek 23,Aston Villa,Arsenal,1-0,-1,-1,-1
221,59117,Sat 6 Feb 2021,Matchweek 23,Burnley,Brighton and Hove Albion,1-1,54.5 Possession % 45.5,7 Shots on target 2,20 Shots 10
222,59118,Sun 7 Feb 2021,Matchweek 23,Fulham,West Ham United,0-0,60.6 Possession % 39.4,2 Shots on target 1,20 Shots 8
223,59119,Tue 9 Feb 2021,Matchweek 23,Leeds United,Crystal Palace,2-0,68.2 Possession % 31.8,7 Shots on target 3,17 Shots 8
224,59120,Sun 7 Feb 2021,Matchweek 23,Liverpool,Manchester City,1-4,55.9 Possession % 44.1,3 Shots on target 5,8 Shots 8
225,59121,Sun 7 Feb 2021,Matchweek 23,Manchester United,Everton,3-3,62 Possession % 38,5 Shots on target 3,14 Shots 6
226,59122,Sat 6 Feb 2021,Matchweek 23,Newcastle United,Southampton,3-2,26.2 Possession % 73.8,4 Shots on target 5,6 Shots 14
227,59123,Mon 8 Feb 2021,Matchweek 23,Sheffield United,Chelsea,1-2,31.1 Possession % 68.9,3 Shots on target 3,8 Shots 9
228,59124,Sun 7 Feb 2021,Matchweek 23,Tottenham Hotspur,West Bromwich Albion,2-0,65.6 Possession % 34.4,6 Shots on target 1,13 Shots 4
229,59125,Sun 7 Feb 2021,Matchweek 23,Wolverhampton Wanderers,Leicester City,0-0,43.9 Possession % 56.1,1 Shots on target 3,13 Shots 13
230,59126,Sun 14 Feb 2021,Matchweek 24,Arsenal,Leeds United,4-2,-1,-1,-1
231,59127,Sun 14 Feb 2021,Matchweek 24,Brighton and Hove Albion,Aston Villa,0-0,-1,-1,-1
232,59128,Tue 16 Feb 2021,Matchweek 24,Chelsea,Newcastle United,2-0,65.6 Possession % 34.4,6 Shots on target 4,18 Shots 10
233,59129,Sat 13 Feb 2021,Matchweek 24,Crystal Palace,Burnley,0-3,53.3 Possession % 46.7,3 Shots on target 4,13 Shots 16
234,59130,Mon 15 Feb 2021,Matchweek 24,Everton,Fulham,0-2,49.7 Possession % 50.3,2 Shots on target 3,7 Shots 12
235,59131,Sat 13 Feb 2021,Matchweek 24,Leicester City,Liverpool,3-1,38 Possession % 62,6 Shots on target 4,11 Shots 15
236,59132,Sun 14 Feb 2021,Matchweek 24,Manchester City,Tottenham Hotspur,3-0,60.4 Possession % 39.6,6 Shots on target 3,15 Shots 7
237,59133,Sun 14 Feb 2021,Matchweek 24,Southampton,Wolverhampton Wanderers,1-2,51.1 Possession % 48.9,3 Shots on target 4,7 Shots 10
238,59134,Sun 14 Feb 2021,Matchweek 24,West Bromwich Albion,Manchester United,1-1,26.9 Possession % 73.1,3 Shots on target 7,7 Shots 10
239,59135,Tue 16 Feb 2021,Matchweek 24,West Ham United,Sheffield United,3-0,45.9 Possession % 54.1,9 Shots on target 5,13 Shots 8
240,59136,Sun 21 Feb 2021,Matchweek 25,Arsenal,Manchester City,0-1,45 Possession % 55,1 Shots on target 3,7 Shots 15
241,59137,Sun 21 Feb 2021,Matchweek 25,Aston Villa,Leicester City,1-2,49.9 Possession % 50.1,2 Shots on target 7,11 Shots 16
242,59138,Tue 23 Feb 2021,Matchweek 25,Brighton and Hove Albion,Crystal Palace,1-2,74.5 Possession % 25.5,5 Shots on target 2,25 Shots 3
243,59139,Sat 20 Feb 2021,Matchweek 25,Burnley,West Bromwich Albion,0-0,62.1 Possession % 37.9,1 Shots on target 3,6 Shots 10
244,59140,Sun 21 Feb 2021,Matchweek 25,Fulham,Sheffield United,1-0,65.1 Possession % 34.9,7 Shots on target 2,15 Shots 4
245,59141,Sun 21 Feb 2021,Matchweek 25,Liverpool,Everton,0-2,71.4 Possession % 28.6,6 Shots on target 6,15 Shots 9
246,59142,Mon 22 Feb 2021,Matchweek 25,Manchester United,Newcastle United,3-1,71.6 Possession % 28.4,7 Shots on target 6,15 Shots 10
247,59143,Sat 20 Feb 2021,Matchweek 25,Southampton,Chelsea,1-1,29.1 Possession % 70.9,1 Shots on target 3,4 Shots 9
248,59144,Sun 21 Feb 2021,Matchweek 25,West Ham United,Tottenham Hotspur,2-1,30.8 Possession % 69.2,4 Shots on target 4,4 Shots 20
249,59145,Sat 20 Feb 2021,Matchweek 25,Wolverhampton Wanderers,Leeds United,1-0,41 Possession % 59,5 Shots on target 7,15 Shots 18
250,59146,Sun 28 Feb 2021,Matchweek 26,Chelsea,Manchester United,0-0,57.4 Possession % 42.6,6 Shots on target 4,18 Shots 11
251,59147,Sun 28 Feb 2021,Matchweek 26,Crystal Palace,Fulham,0-0,40.4 Possession % 59.6,0 Shots on target 4,3 Shots 16
252,59148,Tue 2 Mar 2021,Matchweek 26,Everton,Southampton,1-0,46.6 Possession % 53.4,1 Shots on target 1,7 Shots 9
253,59149,Sun 28 Feb 2021,Matchweek 26,Leeds United,Aston Villa,0-1,69.2 Possession % 30.8,3 Shots on target 4,13 Shots 9
254,59150,Sun 28 Feb 2021,Matchweek 26,Leicester City,Arsenal,1-3,44.2 Possession % 55.8,3 Shots on target 4,8 Shots 12
255,59151,Sat 27 Feb 2021,Matchweek 26,Manchester City,West Ham United,2-1,63.2 Possession % 36.8,3 Shots on target 3,10 Shots 9
256,59152,Sun 28 Feb 2021,Matchweek 26,Newcastle United,Wolverhampton Wanderers,1-1,47.6 Possession % 52.4,7 Shots on target 4,19 Shots 14
257,59153,Mon 1 Mar 2021,Matchweek 26,Sheffield United,Liverpool,0-2,39.3 Possession % 60.7,2 Shots on target 8,8 Shots 16
258,59154,Sun 28 Feb 2021,Matchweek 26,Tottenham Hotspur,Burnley,4-0,58.3 Possession % 41.7,7 Shots on target 3,16 Shots 10
259,59155,Sat 27 Feb 2021,Matchweek 26,West Bromwich Albion,Brighton and Hove Albion,1-0,29.9 Possession % 70.1,2 Shots on target 6,6 Shots 15
260,59156,Sun 7 Mar 2021,Matchweek 27,Aston Villa,Wolverhampton Wanderers,0-0,49.2 Possession % 50.8,1 Shots on target 2,9 Shots 10
261,59157,Sun 7 Mar 2021,Matchweek 27,Brighton and Hove Albion,Leicester City,1-2,36.6 Possession % 63.4,2 Shots on target 4,7 Shots 8
262,59158,Sat 6 Mar 2021,Matchweek 27,Burnley,Arsenal,1-1,41.1 Possession % 58.9,5 Shots on target 3,9 Shots 15
263,59159,Tue 9 Mar 2021,Matchweek 27,Chelsea,Everton,2-0,65.5 Possession % 34.5,9 Shots on target 1,19 Shots 7
264,59160,Sun 7 Mar 2021,Matchweek 27,Liverpool,Fulham,0-1,63.1 Possession % 36.9,3 Shots on target 3,16 Shots 10
265,59161,Sun 7 Mar 2021,Matchweek 27,Manchester City,Manchester United,0-2,65.9 Possession % 34.1,6 Shots on target 6,23 Shots 8
266,59162,Sat 6 Mar 2021,Matchweek 27,Sheffield United,Southampton,0-2,50.9 Possession % 49.1,2 Shots on target 7,8 Shots 15
267,59163,Mon 8 Mar 2021,Matchweek 27,Tottenham Hotspur,Crystal Palace,4-1,64.2 Possession % 35.8,5 Shots on target 1,12 Shots 5
268,59164,Sun 7 Mar 2021,Matchweek 27,West Bromwich Albion,Newcastle United,0-0,52.8 Possession % 47.2,3 Shots on target 5,13 Shots 9
269,59165,Tue 9 Mar 2021,Matchweek 27,West Ham United,Leeds United,2-0,34.7 Possession % 65.3,5 Shots on target 2,16 Shots 17
270,59166,Sun 14 Mar 2021,Matchweek 28,Arsenal,Tottenham Hotspur,2-1,52.6 Possession % 47.4,3 Shots on target 3,13 Shots 6
271,59167,Sat 13 Mar 2021,Matchweek 28,Crystal Palace,West Bromwich Albion,1-0,44.3 Possession % 55.7,4 Shots on target 1,6 Shots 12
272,59168,Sun 14 Mar 2021,Matchweek 28,Everton,Burnley,1-2,65.5 Possession % 34.5,4 Shots on target 5,14 Shots 14
273,59169,Sun 14 Mar 2021,Matchweek 28,Fulham,Manchester City,0-3,46.1 Possession % 53.9,0 Shots on target 7,3 Shots 8
274,59170,Sat 13 Mar 2021,Matchweek 28,Leeds United,Chelsea,0-0,37.7 Possession % 62.3,4 Shots on target 8,7 Shots 15
275,59171,Sun 14 Mar 2021,Matchweek 28,Leicester City,Sheffield United,5-0,71.7 Possession % 28.3,10 Shots on target 0,19 Shots 1
276,59172,Mon 15 Mar 2021,Matchweek 28,Manchester United,West Ham United,1-0,61.8 Possession % 38.2,4 Shots on target 0,15 Shots 7
277,59173,Sat 13 Mar 2021,Matchweek 28,Newcastle United,Aston Villa,1-1,49.2 Possession % 50.8,3 Shots on target 6,12 Shots 15
278,59174,Sun 14 Mar 2021,Matchweek 28,Southampton,Brighton and Hove Albion,1-2,59.4 Possession % 40.6,4 Shots on target 6,9 Shots 8
279,59175,Tue 16 Mar 2021,Matchweek 28,Wolverhampton Wanderers,Liverpool,0-1,52.7 Possession % 47.3,5 Shots on target 4,10 Shots 12
280,59176,Sun 21 Mar 2021,Matchweek 29,Brighton and Hove Albion,Newcastle United,3-0,65.3 Possession % 34.7,6 Shots on target 1,11 Shots 3
281,59177,Thu 4 Mar 2021,Matchweek 26,Burnley,Leicester City,1-1,38.9 Possession % 61.1,7 Shots on target 4,12 Shots 16
282,59178,Thu 4 Mar 2021,Matchweek 26,Crystal Palace,Manchester United,0-0,37 Possession % 63,2 Shots on target 1,8 Shots 11
283,59179,Sat 20 Mar 2021,Matchweek 29,Fulham,Leeds United,1-2,51.2 Possession % 48.8,6 Shots on target 4,13 Shots 13
284,59180,Fri 5 Mar 2021,Matchweek 26,Liverpool,Chelsea,0-1,54.2 Possession % 45.8,1 Shots on target 5,7 Shots 11
285,59181,Wed 3 Mar 2021,Matchweek 26,Manchester City,Wolverhampton Wanderers,4-1,72.1 Possession % 27.9,10 Shots on target 1,22 Shots 6
286,59182,Thu 4 Mar 2021,Matchweek 26,Sheffield United,Aston Villa,1-0,28.2 Possession % 71.8,2 Shots on target 4,9 Shots 16
287,59183,Thu 22 Apr 2021,Matchweek 32,Tottenham Hotspur,Southampton,2-1,61.7 Possession % 38.3,3 Shots on target 5,12 Shots 10
288,59184,Fri 5 Mar 2021,Matchweek 26,West Bromwich Albion,Everton,0-1,48.1 Possession % 51.9,3 Shots on target 3,11 Shots 11
289,59185,Sun 21 Mar 2021,Matchweek 29,West Ham United,Arsenal,3-3,36.9 Possession % 63.1,5 Shots on target 7,15 Shots 16
290,59186,Sun 4 Apr 2021,Matchweek 30,Arsenal,Liverpool,0-3,35.8 Possession % 64.2,2 Shots on target 7,3 Shots 16
291,59187,Sun 4 Apr 2021,Matchweek 30,Aston Villa,Fulham,3-1,52.5 Possession % 47.5,4 Shots on target 7,14 Shots 15
292,59188,Sat 3 Apr 2021,Matchweek 30,Chelsea,West Bromwich Albion,2-5,66.2 Possession % 33.8,8 Shots on target 7,18 Shots 14
293,59189,Tue 6 Apr 2021,Matchweek 30,Everton,Crystal Palace,1-1,47.5 Possession % 52.5,7 Shots on target 6,15 Shots 13
294,59190,Sat 3 Apr 2021,Matchweek 30,Leeds United,Sheffield United,2-1,54.1 Possession % 45.9,8 Shots on target 1,23 Shots 9
295,59191,Sat 3 Apr 2021,Matchweek 30,Leicester City,Manchester City,0-2,43.8 Possession % 56.2,2 Shots on target 4,5 Shots 11
296,59192,Mon 5 Apr 2021,Matchweek 30,Manchester United,Brighton and Hove Albion,2-1,57.7 Possession % 42.3,7 Shots on target 3,15 Shots 5
297,59193,Sun 4 Apr 2021,Matchweek 30,Newcastle United,Tottenham Hotspur,2-2,41.2 Possession % 58.8,6 Shots on target 5,22 Shots 11
298,59194,Sun 4 Apr 2021,Matchweek 30,Southampton,Burnley,3-2,53.4 Possession % 46.6,9 Shots on target 5,24 Shots 7
299,59195,Tue 6 Apr 2021,Matchweek 30,Wolverhampton Wanderers,West Ham United,2-3,66.1 Possession % 33.9,5 Shots on target 6,20 Shots 9
300,59196,Tue 13 Apr 2021,Matchweek 31,Brighton and Hove Albion,Everton,0-0,55.2 Possession % 44.8,3 Shots on target 1,23 Shots 8
301,59197,Sun 11 Apr 2021,Matchweek 31,Burnley,Newcastle United,1-2,57.1 Possession % 42.9,4 Shots on target 5,24 Shots 10
302,59198,Sat 10 Apr 2021,Matchweek 31,Crystal Palace,Chelsea,1-4,35.7 Possession % 64.3,1 Shots on target 10,1 Shots 23
303,59199,Sat 10 Apr 2021,Matchweek 31,Fulham,Wolverhampton Wanderers,0-1,49.6 Possession % 50.4,3 Shots on target 3,14 Shots 7
304,59200,Sat 10 Apr 2021,Matchweek 31,Liverpool,Aston Villa,2-1,66.3 Possession % 33.7,10 Shots on target 5,23 Shots 9
305,59201,Sat 10 Apr 2021,Matchweek 31,Manchester City,Leeds United,1-2,71.1 Possession % 28.9,7 Shots on target 2,29 Shots 2
306,59202,Mon 12 Apr 2021,Matchweek 31,Sheffield United,Arsenal,0-3,45.1 Possession % 54.9,2 Shots on target 5,7 Shots 14
307,59203,Sun 11 Apr 2021,Matchweek 31,Tottenham Hotspur,Manchester United,1-3,46.8 Possession % 53.2,3 Shots on target 7,12 Shots 12
308,59204,Tue 13 Apr 2021,Matchweek 31,West Bromwich Albion,Southampton,3-0,39.5 Possession % 60.5,6 Shots on target 4,15 Shots 14
309,59205,Sun 11 Apr 2021,Matchweek 31,West Ham United,Leicester City,3-2,36.3 Possession % 63.7,4 Shots on target 5,4 Shots 15
310,59206,Sun 18 Apr 2021,Matchweek 32,Arsenal,Fulham,1-1,69.5 Possession % 30.5,5 Shots on target 1,18 Shots 3
311,59207,Thu 22 Apr 2021,Matchweek 32,Aston Villa,Manchester City,1-2,28 Possession % 72,3 Shots on target 3,8 Shots 13
312,59208,Wed 21 Apr 2021,Matchweek 32,Chelsea,Brighton and Hove Albion,0-0,64.4 Possession % 35.6,4 Shots on target 2,7 Shots 11
313,59209,Sat 17 Apr 2021,Matchweek 32,Everton,Tottenham Hotspur,2-2,52.8 Possession % 47.2,7 Shots on target 3,18 Shots 12
314,59210,Tue 20 Apr 2021,Matchweek 32,Leeds United,Liverpool,1-1,61.9 Possession % 38.1,5 Shots on target 7,12 Shots 17
315,59211,Fri 23 Apr 2021,Matchweek 32,Leicester City,West Bromwich Albion,3-0,72.7 Possession % 27.3,7 Shots on target 1,17 Shots 4
316,59212,Sun 18 Apr 2021,Matchweek 32,Manchester United,Burnley,3-1,69.4 Possession % 30.6,9 Shots on target 3,17 Shots 10
317,59213,Sat 17 Apr 2021,Matchweek 32,Newcastle United,West Ham United,3-2,34.6 Possession % 65.4,8 Shots on target 6,16 Shots 16
318,59214,Wed 12 May 2021,Matchweek 35,Southampton,Crystal Palace,3-1,62.7 Possession % 37.3,6 Shots on target 4,13 Shots 11
319,59215,Sun 18 Apr 2021,Matchweek 32,Wolverhampton Wanderers,Sheffield United,1-0,47.5 Possession % 52.5,5 Shots on target 2,10 Shots 8
320,59216,Sat 24 Apr 2021,Matchweek 33,Arsenal,Everton,0-1,59.1 Possession % 40.9,3 Shots on target 1,14 Shots 8
321,59217,Mon 26 Apr 2021,Matchweek 33,Aston Villa,West Bromwich Albion,2-2,70.2 Possession % 29.8,11 Shots on target 4,24 Shots 10
322,59218,Fri 5 Mar 2021,Matchweek 26,Fulham,Tottenham Hotspur,0-1,59.6 Possession % 40.4,3 Shots on target 2,11 Shots 9
323,59219,Sun 25 Apr 2021,Matchweek 33,Leeds United,Manchester United,0-0,44.2 Possession % 55.8,3 Shots on target 4,6 Shots 16
324,59220,Tue 27 Apr 2021,Matchweek 33,Leicester City,Crystal Palace,2-1,66.8 Possession % 33.2,5 Shots on target 2,13 Shots 4
325,59221,Sat 24 Apr 2021,Matchweek 33,Liverpool,Newcastle United,1-1,68.5 Possession % 31.5,9 Shots on target 4,22 Shots 7
326,59222,Thu 11 Mar 2021,Matchweek 27,Manchester City,Southampton,5-2,58.3 Possession % 41.7,10 Shots on target 6,17 Shots 11
327,59223,Sun 25 Apr 2021,Matchweek 33,Sheffield United,Brighton and Hove Albion,1-0,31.5 Possession % 68.5,3 Shots on target 4,7 Shots 17
328,59224,Sat 24 Apr 2021,Matchweek 33,West Ham United,Chelsea,0-1,44.5 Possession % 55.5,2 Shots on target 6,9 Shots 17
329,59225,Sun 25 Apr 2021,Matchweek 33,Wolverhampton Wanderers,Burnley,0-4,59.2 Possession % 40.8,2 Shots on target 7,12 Shots 14
330,59226,Sat 1 May 2021,Matchweek 34,Brighton and Hove Albion,Leeds United,2-0,41.9 Possession % 58.1,5 Shots on target 2,17 Shots 11
331,59227,Tue 4 May 2021,Matchweek 34,Burnley,West Ham United,1-2,44.6 Possession % 55.4,3 Shots on target 4,8 Shots 22
332,59228,Sat 1 May 2021,Matchweek 34,Chelsea,Fulham,2-0,48.7 Possession % 51.3,5 Shots on target 3,9 Shots 10
333,59229,Sat 1 May 2021,Matchweek 34,Crystal Palace,Manchester City,0-2,30 Possession % 70,4 Shots on target 3,9 Shots 20
334,59230,Sun 2 May 2021,Matchweek 34,Everton,Aston Villa,1-2,47.5 Possession % 52.5,3 Shots on target 5,16 Shots 13
335,59231,Fri 14 May 2021,Matchweek 35,Manchester United,Liverpool,2-4,53.3 Possession % 46.7,3 Shots on target 8,18 Shots 17
336,59232,Sun 2 May 2021,Matchweek 34,Newcastle United,Arsenal,0-2,38.6 Possession % 61.4,1 Shots on target 5,5 Shots 19
337,59233,Sat 1 May 2021,Matchweek 34,Southampton,Leicester City,1-1,29.2 Possession % 70.8,3 Shots on target 9,5 Shots 23
338,59234,Mon 3 May 2021,Matchweek 34,Tottenham Hotspur,Sheffield United,4-0,65.8 Possession % 34.2,11 Shots on target 1,20 Shots 8
339,59235,Tue 4 May 2021,Matchweek 34,West Bromwich Albion,Wolverhampton Wanderers,1-1,42.4 Possession % 57.6,4 Shots on target 10,10 Shots 20
340,59236,Mon 10 May 2021,Matchweek 35,Arsenal,West Bromwich Albion,3-1,65.7 Possession % 34.3,7 Shots on target 1,15 Shots 12
341,59237,Sun 9 May 2021,Matchweek 35,Aston Villa,Manchester United,1-3,41.1 Possession % 58.9,5 Shots on target 7,11 Shots 18
342,59238,Tue 11 May 2021,Matchweek 35,Fulham,Burnley,0-2,68 Possession % 32,3 Shots on target 5,21 Shots 14
343,59239,Sat 8 May 2021,Matchweek 35,Leeds United,Tottenham Hotspur,3-1,53.3 Possession % 46.7,7 Shots on target 3,16 Shots 11
344,59240,Sat 8 May 2021,Matchweek 35,Leicester City,Newcastle United,2-4,68.3 Possession % 31.7,9 Shots on target 6,25 Shots 14
345,59241,Sun 9 May 2021,Matchweek 35,Liverpool,Southampton,2-0,54.1 Possession % 45.9,6 Shots on target 6,14 Shots 12
346,59242,Sat 8 May 2021,Matchweek 35,Manchester City,Chelsea,1-2,48.3 Possession % 51.7,4 Shots on target 5,16 Shots 12
347,59243,Sat 8 May 2021,Matchweek 35,Sheffield United,Crystal Palace,0-2,49.8 Possession % 50.2,0 Shots on target 8,7 Shots 21
348,59244,Sun 9 May 2021,Matchweek 35,West Ham United,Everton,0-1,68.6 Possession % 31.4,0 Shots on target 3,11 Shots 9
349,59245,Sun 9 May 2021,Matchweek 35,Wolverhampton Wanderers,Brighton and Hove Albion,2-1,60.7 Possession % 39.3,6 Shots on target 3,16 Shots 5
350,59246,Sun 16 May 2021,Matchweek 36,Brighton and Hove Albion,West Ham United,1-1,51.1 Possession % 48.9,2 Shots on target 3,10 Shots 15
351,59247,Sat 15 May 2021,Matchweek 36,Burnley,Leeds United,0-4,48.2 Possession % 51.8,4 Shots on target 6,16 Shots 16
352,59248,Mon 17 May 2021,Matchweek 36,Everton,Sheffield United,0-1,62.4 Possession % 37.6,6 Shots on target 3,16 Shots 10
353,59249,Wed 12 May 2021,Matchweek 35,Manchester United,Leicester City,1-2,53.1 Possession % 46.9,1 Shots on target 3,4 Shots 12
354,59250,Sun 16 May 2021,Matchweek 36,West Bromwich Albion,Liverpool,1-2,23.7 Possession % 76.3,3 Shots on target 6,9 Shots 26
355,59251,Thu 13 May 2021,Matchweek 35,Chelsea,Arsenal,0-1,67.7 Possession % 32.3,5 Shots on target 2,19 Shots 5
356,59252,Sun 16 May 2021,Matchweek 36,Crystal Palace,Aston Villa,3-2,45.5 Possession % 54.5,8 Shots on target 5,23 Shots 19
357,59253,Sat 15 May 2021,Matchweek 36,Newcastle United,Manchester City,3-4,17.9 Possession % 82.1,5 Shots on target 6,11 Shots 15
358,59254,Sat 15 May 2021,Matchweek 36,Southampton,Fulham,3-1,46.2 Possession % 53.8,7 Shots on target 3,11 Shots 10
359,59255,Sun 16 May 2021,Matchweek 36,Tottenham Hotspur,Wolverhampton Wanderers,2-0,61.9 Possession % 38.1,13 Shots on target 3,24 Shots 15
360,59256,Wed 19 May 2021,Matchweek 37,Brighton and Hove Albion,Manchester City,3-2,62.7 Possession % 37.3,6 Shots on target 4,19 Shots 8
361,59257,Thu 20 May 2021,Matchweek 37,Burnley,Liverpool,0-3,41.2 Possession % 58.8,4 Shots on target 3,10 Shots 20
362,59258,Wed 19 May 2021,Matchweek 37,Chelsea,Leicester City,2-1,58.6 Possession % 41.4,6 Shots on target 3,17 Shots 7
363,59259,Thu 20 May 2021,Matchweek 37,Crystal Palace,Arsenal,1-3,31.3 Possession % 68.7,6 Shots on target 3,12 Shots 6
364,59260,Thu 20 May 2021,Matchweek 37,Everton,Wolverhampton Wanderers,1-0,41 Possession % 59,4 Shots on target 3,14 Shots 9
365,59261,Wed 19 May 2021,Matchweek 37,Manchester United,Fulham,1-1,57.1 Possession % 42.9,6 Shots on target 5,13 Shots 8
366,59262,Thu 20 May 2021,Matchweek 37,Newcastle United,Sheffield United,1-0,50.9 Possession % 49.1,5 Shots on target 1,16 Shots 11
367,59263,Wed 19 May 2021,Matchweek 37,Southampton,Leeds United,0-2,51.3 Possession % 48.7,3 Shots on target 7,18 Shots 15
368,59264,Thu 20 May 2021,Matchweek 37,Tottenham Hotspur,Aston Villa,1-2,60.8 Possession % 39.2,4 Shots on target 4,10 Shots 20
369,59265,Thu 20 May 2021,Matchweek 37,West Bromwich Albion,West Ham United,1-3,52.5 Possession % 47.5,4 Shots on target 9,14 Shots 21
370,59266,Sun 23 May 2021,Matchweek 38,Arsenal,Brighton and Hove Albion,2-0,53.9 Possession % 46.1,5 Shots on target 1,16 Shots 5
371,59267,Sun 23 May 2021,Matchweek 38,Aston Villa,Chelsea,2-1,28.8 Possession % 71.2,3 Shots on target 7,6 Shots 23
372,59268,Sun 23 May 2021,Matchweek 38,Fulham,Newcastle United,0-2,64.3 Possession % 35.7,0 Shots on target 4,14 Shots 10
373,59269,Sun 23 May 2021,Matchweek 38,Leeds United,West Bromwich Albion,3-1,64.4 Possession % 35.6,9 Shots on target 5,17 Shots 14
374,59270,Sun 23 May 2021,Matchweek 38,Leicester City,Tottenham Hotspur,2-4,47 Possession % 53,6 Shots on target 4,10 Shots 11
375,59271,Sun 23 May 2021,Matchweek 38,Liverpool,Crystal Palace,2-0,69.6 Possession % 30.4,5 Shots on target 4,19 Shots 5
376,59272,Sun 23 May 2021,Matchweek 38,Manchester City,Everton,5-0,67.7 Possession % 32.3,11 Shots on target 3,21 Shots 8
377,59273,Sun 23 May 2021,Matchweek 38,Sheffield United,Burnley,1-0,43 Possession % 57,3 Shots on target 3,12 Shots 10
378,59274,Sun 23 May 2021,Matchweek 38,West Ham United,Southampton,3-0,36.9 Possession % 63.1,7 Shots on target 5,14 Shots 17
379,59275,Sun 23 May 2021,Matchweek 38,Wolverhampton Wanderers,Manchester United,1-2,57.2 Possession % 42.8,4 Shots on target 4,14 Shots 9
