,match_id,match date,matchweek,home team,away team,score,possession,shots on target,shots
0,38308,Sun 12 Aug 2018,Matchweek 1,Arsenal,Manchester City,0-2,42 Possession % 58,3 Shots on target 8,9 Shots 17
1,38309,Sat 11 Aug 2018,Matchweek 1,AFC Bournemouth,Cardiff City,2-0,62.9 Possession % 37.1,4 Shots on target 1,12 Shots 10
2,38310,Sat 11 Aug 2018,Matchweek 1,Fulham,Crystal Palace,0-2,66.3 Possession % 33.7,6 Shots on target 10,15 Shots 12
3,38311,Sat 11 Aug 2018,Matchweek 1,Huddersfield Town,Chelsea,0-3,37.2 Possession % 62.8,1 Shots on target 4,6 Shots 13
4,38312,Sun 12 Aug 2018,Matchweek 1,Liverpool,West Ham United,4-0,64.8 Possession % 35.2,8 Shots on target 2,18 Shots 5
5,38313,Sat 11 Aug 2018,Matchweek 1,Manchester United,Leicester City,2-1,46.3 Possession % 53.7,6 Shots on target 4,8 Shots 13
6,38314,Sat 11 Aug 2018,Matchweek 1,Newcastle United,Tottenham Hotspur,1-2,40.4 Possession % 59.6,2 Shots on target 5,15 Shots 15
7,38315,Sun 12 Aug 2018,Matchweek 1,Southampton,Burnley,0-0,47.7 Possession % 52.3,3 Shots on target 6,18 Shots 16
8,38316,Sat 11 Aug 2018,Matchweek 1,Watford,Brighton and Hove Albion,2-0,53.2 Possession % 46.8,5 Shots on target 0,19 Shots 6
9,38317,Sat 11 Aug 2018,Matchweek 1,Wolverhampton Wanderers,Everton,2-2,57.4 Possession % 42.6,4 Shots on target 5,11 Shots 8
10,38318,Sun 19 Aug 2018,Matchweek 2,Brighton and Hove Albion,Manchester United,3-2,33.4 Possession % 66.6,3 Shots on target 3,6 Shots 9
11,38319,Sun 19 Aug 2018,Matchweek 2,Burnley,Watford,1-3,58.4 Possession % 41.6,3 Shots on target 6,8 Shots 9
12,38320,Sat 18 Aug 2018,Matchweek 2,Cardiff City,Newcastle United,0-0,51.3 Possession % 48.7,1 Shots on target 6,12 Shots 12
13,38321,Sat 18 Aug 2018,Matchweek 2,Chelsea,Arsenal,3-2,62.3 Possession % 37.7,11 Shots on target 6,24 Shots 15
14,38322,Tue 21 Aug 2018,Matchweek 2,Crystal Palace,Liverpool,0-2,36.8 Possession % 63.2,2 Shots on target 6,8 Shots 16
15,38323,Sat 18 Aug 2018,Matchweek 2,Everton,Southampton,2-1,58 Possession % 42,7 Shots on target 4,13 Shots 15
16,38324,Sat 18 Aug 2018,Matchweek 2,Leicester City,Wolverhampton Wanderers,2-0,42.8 Possession % 57.2,2 Shots on target 3,6 Shots 11
17,38325,Sun 19 Aug 2018,Matchweek 2,Manchester City,Huddersfield Town,6-1,76.9 Possession % 23.1,14 Shots on target 1,32 Shots 5
18,38326,Sat 18 Aug 2018,Matchweek 2,Tottenham Hotspur,Fulham,3-1,59.6 Possession % 40.4,11 Shots on target 3,25 Shots 10
19,38327,Sat 18 Aug 2018,Matchweek 2,West Ham United,AFC Bournemouth,1-2,61 Possession % 39,5 Shots on target 5,11 Shots 12
20,38328,Sat 25 Aug 2018,Matchweek 3,Arsenal,West Ham United,3-1,61.5 Possession % 38.5,10 Shots on target 5,17 Shots 13
21,38329,Sat 25 Aug 2018,Matchweek 3,AFC Bournemouth,Everton,2-2,49.9 Possession % 50.1,5 Shots on target 3,17 Shots 11
22,38330,Sun 26 Aug 2018,Matchweek 3,Fulham,Burnley,4-2,63.8 Possession % 36.2,12 Shots on target 2,25 Shots 12
23,38331,Sat 25 Aug 2018,Matchweek 3,Huddersfield Town,Cardiff City,0-0,58 Possession % 42,1 Shots on target 4,5 Shots 14
24,38332,Sat 25 Aug 2018,Matchweek 3,Liverpool,Brighton and Hove Albion,1-0,70 Possession % 30,8 Shots on target 2,22 Shots 6
25,38333,Tue 28 Aug 2018,Matchweek 3,Manchester United,Tottenham Hotspur,0-3,57 Possession % 43,5 Shots on target 5,23 Shots 9
26,38334,Sun 26 Aug 2018,Matchweek 3,Newcastle United,Chelsea,1-2,18.9 Possession % 81.1,2 Shots on target 3,6 Shots 15
27,38335,Sat 25 Aug 2018,Matchweek 3,Southampton,Leicester City,1-2,51.7 Possession % 48.3,5 Shots on target 5,11 Shots 8
28,38336,Sun 26 Aug 2018,Matchweek 3,Watford,Crystal Palace,2-1,43.7 Possession % 56.3,5 Shots on target 3,13 Shots 9
29,38337,Sat 25 Aug 2018,Matchweek 3,Wolverhampton Wanderers,Manchester City,1-1,28.9 Possession % 71.1,2 Shots on target 6,11 Shots 18
30,38338,Sat 1 Sep 2018,Matchweek 4,Brighton and Hove Albion,Fulham,2-2,41.5 Possession % 58.5,5 Shots on target 5,15 Shots 10
31,38339,Sun 2 Sep 2018,Matchweek 4,Burnley,Manchester United,0-2,46.6 Possession % 53.4,2 Shots on target 9,9 Shots 21
32,38340,Sun 2 Sep 2018,Matchweek 4,Cardiff City,Arsenal,2-3,27.7 Possession % 72.3,3 Shots on target 11,14 Shots 17
33,38341,Sat 1 Sep 2018,Matchweek 4,Chelsea,AFC Bournemouth,2-0,72.6 Possession % 27.4,6 Shots on target 1,24 Shots 8
34,38342,Sat 1 Sep 2018,Matchweek 4,Crystal Palace,Southampton,0-2,50.7 Possession % 49.3,6 Shots on target 6,20 Shots 19
35,38343,Sat 1 Sep 2018,Matchweek 4,Everton,Huddersfield Town,1-1,57.6 Possession % 42.4,1 Shots on target 6,11 Shots 9
36,38344,Sat 1 Sep 2018,Matchweek 4,Leicester City,Liverpool,1-2,51.2 Possession % 48.8,5 Shots on target 4,12 Shots 10
37,38345,Sat 1 Sep 2018,Matchweek 4,Manchester City,Newcastle United,2-1,78.1 Possession % 21.9,8 Shots on target 2,24 Shots 3
38,38346,Sun 2 Sep 2018,Matchweek 4,Watford,Tottenham Hotspur,2-1,34.4 Possession % 65.6,3 Shots on target 2,7 Shots 11
39,38347,Sat 1 Sep 2018,Matchweek 4,West Ham United,Wolverhampton Wanderers,0-1,47.7 Possession % 52.3,3 Shots on target 6,13 Shots 15
40,38348,Sat 15 Sep 2018,Matchweek 5,AFC Bournemouth,Leicester City,4-2,46.7 Possession % 53.3,5 Shots on target 8,10 Shots 14
41,38349,Sat 15 Sep 2018,Matchweek 5,Chelsea,Cardiff City,4-1,76.8 Possession % 23.2,7 Shots on target 2,18 Shots 6
42,38350,Sun 16 Sep 2018,Matchweek 5,Everton,West Ham United,1-3,55.9 Possession % 44.1,4 Shots on target 4,16 Shots 9
43,38351,Sat 15 Sep 2018,Matchweek 5,Huddersfield Town,Crystal Palace,0-1,58.4 Possession % 41.6,2 Shots on target 2,15 Shots 7
44,38352,Sat 15 Sep 2018,Matchweek 5,Manchester City,Fulham,3-0,64.7 Possession % 35.3,9 Shots on target 3,28 Shots 9
45,38353,Sat 15 Sep 2018,Matchweek 5,Newcastle United,Arsenal,1-2,36.3 Possession % 63.7,2 Shots on target 2,4 Shots 12
46,38354,Tue 18 Sep 2018,Matchweek 5,Southampton,Brighton and Hove Albion,2-2,51.2 Possession % 48.8,5 Shots on target 4,14 Shots 12
47,38355,Sat 15 Sep 2018,Matchweek 5,Tottenham Hotspur,Liverpool,1-2,60.4 Possession % 39.6,3 Shots on target 10,11 Shots 17
48,38356,Sat 15 Sep 2018,Matchweek 5,Watford,Manchester United,1-2,42.9 Possession % 57.1,5 Shots on target 6,14 Shots 9
49,38357,Sun 16 Sep 2018,Matchweek 5,Wolverhampton Wanderers,Burnley,1-0,58.9 Possession % 41.1,7 Shots on target 2,30 Shots 7
50,38358,Sun 23 Sep 2018,Matchweek 6,Arsenal,Everton,2-0,62.5 Possession % 37.5,5 Shots on target 6,9 Shots 10
51,38359,Sat 22 Sep 2018,Matchweek 6,Brighton and Hove Albion,Tottenham Hotspur,1-2,28.6 Possession % 71.4,4 Shots on target 7,8 Shots 16
52,38360,Sat 22 Sep 2018,Matchweek 6,Burnley,AFC Bournemouth,4-0,37.6 Possession % 62.4,5 Shots on target 5,12 Shots 19
53,38361,Sat 22 Sep 2018,Matchweek 6,Cardiff City,Manchester City,0-5,21.4 Possession % 78.6,2 Shots on target 10,2 Shots 21
54,38362,Sat 22 Sep 2018,Matchweek 6,Crystal Palace,Newcastle United,0-0,61.9 Possession % 38.1,4 Shots on target 3,16 Shots 6
55,38363,Sat 22 Sep 2018,Matchweek 6,Fulham,Watford,1-1,60.7 Possession % 39.3,3 Shots on target 6,15 Shots 11
56,38364,Sat 22 Sep 2018,Matchweek 6,Leicester City,Huddersfield Town,3-1,62 Possession % 38,8 Shots on target 2,18 Shots 9
57,38365,Sat 22 Sep 2018,Matchweek 6,Liverpool,Southampton,3-0,60.6 Possession % 39.4,4 Shots on target 1,12 Shots 7
58,38366,Sat 22 Sep 2018,Matchweek 6,Manchester United,Wolverhampton Wanderers,1-1,64.5 Possession % 35.5,6 Shots on target 8,15 Shots 11
59,38367,Sun 23 Sep 2018,Matchweek 6,West Ham United,Chelsea,0-0,28.2 Possession % 71.8,1 Shots on target 6,6 Shots 17
60,38368,Sat 29 Sep 2018,Matchweek 7,Arsenal,Watford,2-0,63.5 Possession % 36.5,2 Shots on target 5,9 Shots 14
61,38369,Tue 2 Oct 2018,Matchweek 7,AFC Bournemouth,Crystal Palace,2-1,44.4 Possession % 55.6,5 Shots on target 2,11 Shots 10
62,38370,Sun 30 Sep 2018,Matchweek 7,Cardiff City,Burnley,1-2,54.3 Possession % 45.7,5 Shots on target 2,20 Shots 3
63,38371,Sat 29 Sep 2018,Matchweek 7,Chelsea,Liverpool,1-1,47.2 Possession % 52.8,4 Shots on target 6,10 Shots 13
64,38372,Sat 29 Sep 2018,Matchweek 7,Everton,Fulham,3-0,51.2 Possession % 48.8,6 Shots on target 0,19 Shots 6
65,38373,Sat 29 Sep 2018,Matchweek 7,Huddersfield Town,Tottenham Hotspur,0-2,52.7 Possession % 47.3,5 Shots on target 6,9 Shots 10
66,38374,Sat 29 Sep 2018,Matchweek 7,Manchester City,Brighton and Hove Albion,2-0,80.1 Possession % 19.9,8 Shots on target 1,28 Shots 4
67,38375,Sat 29 Sep 2018,Matchweek 7,Newcastle United,Leicester City,0-2,41.5 Possession % 58.5,1 Shots on target 5,6 Shots 12
68,38376,Sat 29 Sep 2018,Matchweek 7,West Ham United,Manchester United,3-1,49 Possession % 51,3 Shots on target 4,8 Shots 9
69,38377,Sat 29 Sep 2018,Matchweek 7,Wolverhampton Wanderers,Southampton,2-0,48.8 Possession % 51.2,6 Shots on target 6,14 Shots 17
70,38378,Sat 6 Oct 2018,Matchweek 8,Brighton and Hove Albion,West Ham United,1-0,35.4 Possession % 64.6,4 Shots on target 4,9 Shots 17
71,38379,Sat 6 Oct 2018,Matchweek 8,Burnley,Huddersfield Town,1-1,31.8 Possession % 68.2,3 Shots on target 2,6 Shots 18
72,38380,Sat 6 Oct 2018,Matchweek 8,Crystal Palace,Wolverhampton Wanderers,0-1,67.1 Possession % 32.9,4 Shots on target 2,11 Shots 7
73,38381,Sun 7 Oct 2018,Matchweek 8,Fulham,Arsenal,1-5,48.9 Possession % 51.1,4 Shots on target 7,21 Shots 9
74,38382,Sat 6 Oct 2018,Matchweek 8,Leicester City,Everton,1-2,51.3 Possession % 48.7,2 Shots on target 8,8 Shots 17
75,38383,Sun 7 Oct 2018,Matchweek 8,Liverpool,Manchester City,0-0,49.4 Possession % 50.6,2 Shots on target 2,7 Shots 6
76,38384,Sat 6 Oct 2018,Matchweek 8,Manchester United,Newcastle United,3-2,73 Possession % 27,10 Shots on target 8,18 Shots 13
77,38385,Sun 7 Oct 2018,Matchweek 8,Southampton,Chelsea,0-3,34.7 Possession % 65.3,6 Shots on target 6,15 Shots 21
78,38386,Sat 6 Oct 2018,Matchweek 8,Tottenham Hotspur,Cardiff City,1-0,75.5 Possession % 24.5,7 Shots on target 6,19 Shots 8
79,38387,Sat 6 Oct 2018,Matchweek 8,Watford,AFC Bournemouth,0-4,47.2 Possession % 52.8,2 Shots on target 7,14 Shots 10
80,38388,Tue 23 Oct 2018,Matchweek 9,Arsenal,Leicester City,3-1,69.1 Possession % 30.9,6 Shots on target 2,19 Shots 8
81,38389,Sat 20 Oct 2018,Matchweek 9,AFC Bournemouth,Southampton,0-0,57.3 Possession % 42.7,2 Shots on target 4,9 Shots 8
82,38390,Sat 20 Oct 2018,Matchweek 9,Cardiff City,Fulham,4-2,40.5 Possession % 59.5,5 Shots on target 4,22 Shots 9
83,38391,Sat 20 Oct 2018,Matchweek 9,Chelsea,Manchester United,2-2,62.3 Possession % 37.7,6 Shots on target 4,21 Shots 7
84,38392,Sun 21 Oct 2018,Matchweek 9,Everton,Crystal Palace,2-0,59.8 Possession % 40.2,4 Shots on target 3,20 Shots 7
85,38393,Sat 20 Oct 2018,Matchweek 9,Huddersfield Town,Liverpool,0-1,47.8 Possession % 52.2,1 Shots on target 2,13 Shots 11
86,38394,Sat 20 Oct 2018,Matchweek 9,Manchester City,Burnley,5-0,69.1 Possession % 30.9,10 Shots on target 0,24 Shots 5
87,38395,Sat 20 Oct 2018,Matchweek 9,Newcastle United,Brighton and Hove Albion,0-1,68 Possession % 32,6 Shots on target 2,27 Shots 8
88,38396,Sat 20 Oct 2018,Matchweek 9,West Ham United,Tottenham Hotspur,0-1,44 Possession % 56,4 Shots on target 2,13 Shots 10
89,38397,Sat 20 Oct 2018,Matchweek 9,Wolverhampton Wanderers,Watford,0-2,44.8 Possession % 55.2,1 Shots on target 3,10 Shots 9
90,38398,Sat 27 Oct 2018,Matchweek 10,Brighton and Hove Albion,Wolverhampton Wanderers,1-0,39.9 Possession % 60.1,1 Shots on target 7,7 Shots 25
91,38399,Sun 28 Oct 2018,Matchweek 10,Burnley,Chelsea,0-4,30.2 Possession % 69.8,1 Shots on target 8,7 Shots 24
92,38400,Sun 28 Oct 2018,Matchweek 10,Crystal Palace,Arsenal,2-2,42.2 Possession % 57.8,3 Shots on target 2,16 Shots 7
93,38401,Sat 27 Oct 2018,Matchweek 10,Fulham,AFC Bournemouth,0-3,52 Possession % 48,1 Shots on target 5,11 Shots 12
94,38402,Sat 27 Oct 2018,Matchweek 10,Leicester City,West Ham United,1-1,64.2 Possession % 35.8,7 Shots on target 3,21 Shots 11
95,38403,Sat 27 Oct 2018,Matchweek 10,Liverpool,Cardiff City,4-1,79.6 Possession % 20.4,7 Shots on target 1,19 Shots 2
96,38404,Sun 28 Oct 2018,Matchweek 10,Manchester United,Everton,2-1,53.7 Possession % 46.3,10 Shots on target 6,14 Shots 14
97,38405,Sat 27 Oct 2018,Matchweek 10,Southampton,Newcastle United,0-0,50.2 Possession % 49.8,4 Shots on target 0,22 Shots 6
98,38406,Tue 30 Oct 2018,Matchweek 10,Tottenham Hotspur,Manchester City,0-1,48 Possession % 52,1 Shots on target 6,4 Shots 13
99,38407,Sat 27 Oct 2018,Matchweek 10,Watford,Huddersfield Town,3-0,48.1 Possession % 51.9,6 Shots on target 7,12 Shots 13
100,38408,Sun 4 Nov 2018,Matchweek 11,Arsenal,Liverpool,1-1,61.8 Possession % 38.2,4 Shots on target 4,12 Shots 13
101,38409,Sat 3 Nov 2018,Matchweek 11,AFC Bournemouth,Manchester United,1-2,48.7 Possession % 51.3,7 Shots on target 8,18 Shots 18
102,38410,Sat 3 Nov 2018,Matchweek 11,Cardiff City,Leicester City,0-1,40.1 Possession % 59.9,2 Shots on target 5,11 Shots 13
103,38411,Sun 4 Nov 2018,Matchweek 11,Chelsea,Crystal Palace,3-1,73.7 Possession % 26.3,6 Shots on target 2,15 Shots 7
104,38412,Sat 3 Nov 2018,Matchweek 11,Everton,Brighton and Hove Albion,3-1,61.5 Possession % 38.5,3 Shots on target 3,14 Shots 5
105,38413,Tue 6 Nov 2018,Matchweek 11,Huddersfield Town,Fulham,1-0,45.1 Possession % 54.9,2 Shots on target 1,10 Shots 8
106,38414,Sun 4 Nov 2018,Matchweek 11,Manchester City,Southampton,6-1,67.3 Possession % 32.7,8 Shots on target 6,18 Shots 13
107,38415,Sat 3 Nov 2018,Matchweek 11,Newcastle United,Watford,1-0,41.9 Possession % 58.1,2 Shots on target 1,10 Shots 16
108,38416,Sat 3 Nov 2018,Matchweek 11,West Ham United,Burnley,4-2,62.8 Possession % 37.2,10 Shots on target 3,22 Shots 6
109,38417,Sun 4 Nov 2018,Matchweek 11,Wolverhampton Wanderers,Tottenham Hotspur,2-3,48.6 Possession % 51.4,7 Shots on target 8,16 Shots 10
110,38418,Sun 11 Nov 2018,Matchweek 12,Arsenal,Wolverhampton Wanderers,1-1,71.7 Possession % 28.3,3 Shots on target 5,10 Shots 13
111,38419,Sat 10 Nov 2018,Matchweek 12,Cardiff City,Brighton and Hove Albion,2-1,60.6 Possession % 39.4,6 Shots on target 3,20 Shots 7
112,38420,Sun 11 Nov 2018,Matchweek 12,Chelsea,Everton,0-0,68.7 Possession % 31.3,4 Shots on target 1,15 Shots 6
113,38421,Sun 11 Nov 2018,Matchweek 12,Crystal Palace,Tottenham Hotspur,0-1,35.4 Possession % 64.6,5 Shots on target 2,11 Shots 11
114,38422,Sat 10 Nov 2018,Matchweek 12,Huddersfield Town,West Ham United,1-1,43.9 Possession % 56.1,7 Shots on target 5,15 Shots 12
115,38423,Sat 10 Nov 2018,Matchweek 12,Leicester City,Burnley,0-0,63 Possession % 37,5 Shots on target 1,22 Shots 6
116,38424,Sun 11 Nov 2018,Matchweek 12,Liverpool,Fulham,2-0,73 Possession % 27,7 Shots on target 3,21 Shots 8
117,38425,Sun 11 Nov 2018,Matchweek 12,Manchester City,Manchester United,3-1,64.9 Possession % 35.1,5 Shots on target 1,17 Shots 6
118,38426,Sat 10 Nov 2018,Matchweek 12,Newcastle United,AFC Bournemouth,2-1,39.3 Possession % 60.7,6 Shots on target 4,18 Shots 14
119,38427,Sat 10 Nov 2018,Matchweek 12,Southampton,Watford,1-1,42.3 Possession % 57.7,4 Shots on target 6,14 Shots 12
120,38428,Sun 25 Nov 2018,Matchweek 13,AFC Bournemouth,Arsenal,1-2,41.3 Possession % 58.7,5 Shots on target 4,11 Shots 20
121,38429,Sat 24 Nov 2018,Matchweek 13,Brighton and Hove Albion,Leicester City,1-1,54.6 Possession % 45.4,3 Shots on target 3,14 Shots 8
122,38430,Tue 27 Nov 2018,Matchweek 13,Burnley,Newcastle United,1-2,56.5 Possession % 43.5,4 Shots on target 3,14 Shots 17
123,38431,Sat 24 Nov 2018,Matchweek 13,Everton,Cardiff City,1-0,70.7 Possession % 29.3,8 Shots on target 1,16 Shots 7
124,38432,Sat 24 Nov 2018,Matchweek 13,Fulham,Southampton,3-2,37.2 Possession % 62.8,5 Shots on target 8,10 Shots 19
125,38433,Sat 24 Nov 2018,Matchweek 13,Manchester United,Crystal Palace,0-0,59.8 Possession % 40.2,5 Shots on target 2,12 Shots 13
126,38434,Sun 25 Nov 2018,Matchweek 13,Tottenham Hotspur,Chelsea,3-1,39.9 Possession % 60.1,9 Shots on target 2,18 Shots 13
127,38435,Sat 24 Nov 2018,Matchweek 13,Watford,Liverpool,0-3,36.3 Possession % 63.7,1 Shots on target 7,5 Shots 10
128,38436,Sat 24 Nov 2018,Matchweek 13,West Ham United,Manchester City,0-4,30.7 Possession % 69.3,1 Shots on target 6,9 Shots 9
129,38437,Sun 25 Nov 2018,Matchweek 13,Wolverhampton Wanderers,Huddersfield Town,0-2,44.8 Possession % 55.2,3 Shots on target 6,12 Shots 14
130,38438,Sun 2 Dec 2018,Matchweek 14,Arsenal,Tottenham Hotspur,4-2,59.3 Possession % 40.7,7 Shots on target 6,22 Shots 11
131,38439,Sat 1 Dec 2018,Matchweek 14,Cardiff City,Wolverhampton Wanderers,2-1,47.9 Possession % 52.1,3 Shots on target 4,17 Shots 15
132,38440,Sun 2 Dec 2018,Matchweek 14,Chelsea,Fulham,2-0,66 Possession % 34,9 Shots on target 4,16 Shots 9
133,38441,Sat 1 Dec 2018,Matchweek 14,Crystal Palace,Burnley,2-0,58.6 Possession % 41.4,9 Shots on target 0,29 Shots 4
134,38442,Sat 1 Dec 2018,Matchweek 14,Huddersfield Town,Brighton and Hove Albion,1-2,32.1 Possession % 67.9,2 Shots on target 6,7 Shots 14
135,38443,Sat 1 Dec 2018,Matchweek 14,Leicester City,Watford,2-0,37.7 Possession % 62.3,3 Shots on target 0,7 Shots 8
136,38444,Sun 2 Dec 2018,Matchweek 14,Liverpool,Everton,1-0,57.6 Possession % 42.4,3 Shots on target 3,16 Shots 9
137,38445,Sat 1 Dec 2018,Matchweek 14,Manchester City,AFC Bournemouth,3-1,73.1 Possession % 26.9,6 Shots on target 1,16 Shots 4
138,38446,Sat 1 Dec 2018,Matchweek 14,Newcastle United,West Ham United,0-3,58.7 Possession % 41.3,4 Shots on target 4,16 Shots 7
139,38447,Sun 2 Dec 2018,Matchweek 14,Southampton,Manchester United,2-2,40.3 Possession % 59.7,6 Shots on target 5,16 Shots 11
140,38448,Wed 5 Dec 2018,Matchweek 15,AFC Bournemouth,Huddersfield Town,2-1,32.8 Possession % 67.2,2 Shots on target 6,6 Shots 23
141,38449,Wed 5 Dec 2018,Matchweek 15,Brighton and Hove Albion,Crystal Palace,3-1,31.5 Possession % 68.5,3 Shots on target 5,9 Shots 18
142,38450,Thu 6 Dec 2018,Matchweek 15,Burnley,Liverpool,1-3,25.8 Possession % 74.2,6 Shots on target 12,10 Shots 18
143,38451,Thu 6 Dec 2018,Matchweek 15,Fulham,Leicester City,1-1,45.5 Possession % 54.5,7 Shots on target 5,25 Shots 13
144,38452,Thu 6 Dec 2018,Matchweek 15,Manchester United,Arsenal,2-2,44.8 Possession % 55.2,7 Shots on target 4,10 Shots 9
145,38453,Wed 5 Dec 2018,Matchweek 15,Watford,Manchester City,1-2,29.9 Possession % 70.1,7 Shots on target 7,11 Shots 15
146,38454,Wed 5 Dec 2018,Matchweek 15,West Ham United,Cardiff City,3-1,61 Possession % 39,11 Shots on target 5,17 Shots 9
147,38455,Thu 6 Dec 2018,Matchweek 15,Wolverhampton Wanderers,Chelsea,2-1,29.9 Possession % 70.1,2 Shots on target 3,6 Shots 17
148,38456,Thu 6 Dec 2018,Matchweek 15,Everton,Newcastle United,1-1,76.3 Possession % 23.7,3 Shots on target 5,19 Shots 8
149,38457,Thu 6 Dec 2018,Matchweek 15,Tottenham Hotspur,Southampton,3-1,52.1 Possession % 47.9,8 Shots on target 5,13 Shots 18
150,38458,Sat 8 Dec 2018,Matchweek 16,Arsenal,Huddersfield Town,1-0,61.9 Possession % 38.1,2 Shots on target 0,14 Shots 6
151,38459,Sat 8 Dec 2018,Matchweek 16,AFC Bournemouth,Liverpool,0-4,40.5 Possession % 59.5,2 Shots on target 4,8 Shots 10
152,38460,Sat 8 Dec 2018,Matchweek 16,Burnley,Brighton and Hove Albion,1-0,37.4 Possession % 62.6,4 Shots on target 1,14 Shots 14
153,38461,Sat 8 Dec 2018,Matchweek 16,Cardiff City,Southampton,1-0,36.2 Possession % 63.8,4 Shots on target 1,13 Shots 12
154,38462,Sun 9 Dec 2018,Matchweek 16,Chelsea,Manchester City,2-0,38.7 Possession % 61.3,5 Shots on target 4,8 Shots 14
155,38463,Tue 11 Dec 2018,Matchweek 16,Everton,Watford,2-2,56.6 Possession % 43.4,5 Shots on target 3,12 Shots 15
156,38464,Sun 9 Dec 2018,Matchweek 16,Leicester City,Tottenham Hotspur,0-2,42.2 Possession % 57.8,3 Shots on target 2,11 Shots 7
157,38465,Sat 8 Dec 2018,Matchweek 16,Manchester United,Fulham,4-1,62.7 Possession % 37.3,11 Shots on target 4,20 Shots 10
158,38466,Sun 9 Dec 2018,Matchweek 16,Newcastle United,Wolverhampton Wanderers,1-2,50.4 Possession % 49.6,4 Shots on target 6,12 Shots 13
159,38467,Sat 8 Dec 2018,Matchweek 16,West Ham United,Crystal Palace,3-2,48.3 Possession % 51.7,6 Shots on target 4,13 Shots 8
160,38468,Sun 16 Dec 2018,Matchweek 17,Brighton and Hove Albion,Chelsea,1-2,41.7 Possession % 58.3,2 Shots on target 3,6 Shots 10
161,38469,Sat 15 Dec 2018,Matchweek 17,Crystal Palace,Leicester City,1-0,43.3 Possession % 56.7,1 Shots on target 2,8 Shots 12
162,38470,Sun 16 Dec 2018,Matchweek 17,Fulham,West Ham United,0-2,56 Possession % 44,4 Shots on target 3,16 Shots 6
163,38471,Sat 15 Dec 2018,Matchweek 17,Huddersfield Town,Newcastle United,0-1,73.5 Possession % 26.5,5 Shots on target 5,15 Shots 8
164,38472,Sun 16 Dec 2018,Matchweek 17,Liverpool,Manchester United,3-1,64.5 Possession % 35.5,11 Shots on target 2,36 Shots 6
165,38473,Sat 15 Dec 2018,Matchweek 17,Manchester City,Everton,3-1,67 Possession % 33,5 Shots on target 2,13 Shots 9
166,38474,Sun 16 Dec 2018,Matchweek 17,Southampton,Arsenal,3-2,33.8 Possession % 66.2,7 Shots on target 4,12 Shots 13
167,38475,Sat 15 Dec 2018,Matchweek 17,Tottenham Hotspur,Burnley,1-0,70.3 Possession % 29.7,3 Shots on target 0,15 Shots 4
168,38476,Sat 15 Dec 2018,Matchweek 17,Watford,Cardiff City,3-2,71.5 Possession % 28.5,8 Shots on target 3,17 Shots 10
169,38477,Sat 15 Dec 2018,Matchweek 17,Wolverhampton Wanderers,AFC Bournemouth,2-0,37.8 Possession % 62.2,4 Shots on target 3,10 Shots 13
170,38478,Sat 22 Dec 2018,Matchweek 18,Arsenal,Burnley,3-1,60.1 Possession % 39.9,6 Shots on target 2,11 Shots 7
171,38479,Sat 22 Dec 2018,Matchweek 18,AFC Bournemouth,Brighton and Hove Albion,2-0,57.2 Possession % 42.8,3 Shots on target 5,14 Shots 10
172,38480,Sun 23 Dec 2018,Matchweek 18,Cardiff City,Manchester United,1-5,25.7 Possession % 74.3,3 Shots on target 9,9 Shots 17
173,38481,Sat 22 Dec 2018,Matchweek 18,Chelsea,Leicester City,0-1,72.1 Possession % 27.9,5 Shots on target 3,17 Shots 8
174,38482,Sun 23 Dec 2018,Matchweek 18,Everton,Tottenham Hotspur,2-6,41.5 Possession % 58.5,3 Shots on target 8,10 Shots 17
175,38483,Sat 22 Dec 2018,Matchweek 18,Huddersfield Town,Southampton,1-3,62.3 Possession % 37.7,5 Shots on target 6,16 Shots 13
176,38484,Sat 22 Dec 2018,Matchweek 18,Manchester City,Crystal Palace,2-3,78.3 Possession % 21.7,5 Shots on target 3,19 Shots 5
177,38485,Sat 22 Dec 2018,Matchweek 18,Newcastle United,Fulham,0-0,53.5 Possession % 46.5,0 Shots on target 2,9 Shots 4
178,38486,Sat 22 Dec 2018,Matchweek 18,West Ham United,Watford,0-2,51.6 Possession % 48.4,7 Shots on target 5,18 Shots 11
179,38487,Sat 22 Dec 2018,Matchweek 18,Wolverhampton Wanderers,Liverpool,0-2,38.3 Possession % 61.7,5 Shots on target 6,11 Shots 15
180,38488,Thu 27 Dec 2018,Matchweek 19,Brighton and Hove Albion,Arsenal,1-1,32 Possession % 68,3 Shots on target 4,12 Shots 7
181,38489,Wed 26 Dec 2018,Matchweek 19,Burnley,Everton,1-5,49 Possession % 51,4 Shots on target 6,11 Shots 13
182,38490,Wed 26 Dec 2018,Matchweek 19,Crystal Palace,Cardiff City,0-0,62.4 Possession % 37.6,5 Shots on target 4,31 Shots 9
183,38491,Wed 26 Dec 2018,Matchweek 19,Fulham,Wolverhampton Wanderers,1-1,29.8 Possession % 70.2,5 Shots on target 5,11 Shots 14
184,38492,Wed 26 Dec 2018,Matchweek 19,Leicester City,Manchester City,2-1,33.9 Possession % 66.1,5 Shots on target 4,10 Shots 11
185,38493,Wed 26 Dec 2018,Matchweek 19,Liverpool,Newcastle United,4-0,75 Possession % 25,8 Shots on target 2,16 Shots 6
186,38494,Wed 26 Dec 2018,Matchweek 19,Manchester United,Huddersfield Town,3-1,64.7 Possession % 35.3,10 Shots on target 2,16 Shots 10
187,38495,Fri 28 Dec 2018,Matchweek 19,Southampton,West Ham United,1-2,45.8 Possession % 54.2,5 Shots on target 5,11 Shots 16
188,38496,Wed 26 Dec 2018,Matchweek 19,Tottenham Hotspur,AFC Bournemouth,5-0,56.7 Possession % 43.3,7 Shots on target 4,10 Shots 14
189,38497,Thu 27 Dec 2018,Matchweek 19,Watford,Chelsea,1-2,35 Possession % 65,2 Shots on target 4,11 Shots 10
190,38498,Sat 29 Dec 2018,Matchweek 20,Brighton and Hove Albion,Everton,1-0,44.8 Possession % 55.2,3 Shots on target 4,11 Shots 13
191,38499,Sun 30 Dec 2018,Matchweek 20,Burnley,West Ham United,2-0,43 Possession % 57,5 Shots on target 4,17 Shots 11
192,38500,Sun 30 Dec 2018,Matchweek 20,Crystal Palace,Chelsea,0-1,34.2 Possession % 65.8,0 Shots on target 4,4 Shots 12
193,38501,Sat 29 Dec 2018,Matchweek 20,Fulham,Huddersfield Town,1-0,43.5 Possession % 56.5,5 Shots on target 5,14 Shots 9
194,38502,Sat 29 Dec 2018,Matchweek 20,Leicester City,Cardiff City,0-1,62.2 Possession % 37.8,7 Shots on target 3,16 Shots 12
195,38503,Sun 30 Dec 2018,Matchweek 20,Liverpool,Arsenal,5-1,47.9 Possession % 52.1,10 Shots on target 2,15 Shots 8
196,38504,Sun 30 Dec 2018,Matchweek 20,Manchester United,AFC Bournemouth,4-1,64.9 Possession % 35.1,8 Shots on target 3,11 Shots 7
197,38505,Sun 30 Dec 2018,Matchweek 20,Southampton,Manchester City,1-3,23.4 Possession % 76.6,4 Shots on target 6,5 Shots 14
198,38506,Sat 29 Dec 2018,Matchweek 20,Tottenham Hotspur,Wolverhampton Wanderers,1-3,60.8 Possession % 39.2,3 Shots on target 4,10 Shots 11
199,38507,Sat 29 Dec 2018,Matchweek 20,Watford,Newcastle United,1-1,62.7 Possession % 37.3,5 Shots on target 2,12 Shots 8
200,38508,Tue 1 Jan 2019,Matchweek 21,Arsenal,Fulham,4-1,59.6 Possession % 40.4,9 Shots on target 4,16 Shots 9
201,38509,Thu 3 Jan 2019,Matchweek 21,AFC Bournemouth,Watford,3-3,57 Possession % 43,12 Shots on target 3,25 Shots 11
202,38510,Wed 2 Jan 2019,Matchweek 21,Cardiff City,Tottenham Hotspur,0-3,26.9 Possession % 73.1,3 Shots on target 4,5 Shots 13
203,38511,Thu 3 Jan 2019,Matchweek 21,Chelsea,Southampton,0-0,71.6 Possession % 28.4,6 Shots on target 2,17 Shots 6
204,38512,Tue 1 Jan 2019,Matchweek 21,Everton,Leicester City,0-1,59.6 Possession % 40.4,2 Shots on target 4,17 Shots 8
205,38513,Thu 3 Jan 2019,Matchweek 21,Huddersfield Town,Burnley,1-2,42.9 Possession % 57.1,2 Shots on target 8,9 Shots 16
206,38514,Fri 4 Jan 2019,Matchweek 21,Manchester City,Liverpool,2-1,49.6 Possession % 50.4,4 Shots on target 5,9 Shots 7
207,38515,Thu 3 Jan 2019,Matchweek 21,Newcastle United,Manchester United,0-2,34.9 Possession % 65.1,3 Shots on target 7,14 Shots 16
208,38516,Thu 3 Jan 2019,Matchweek 21,West Ham United,Brighton and Hove Albion,2-2,54.3 Possession % 45.7,6 Shots on target 6,13 Shots 13
209,38517,Thu 3 Jan 2019,Matchweek 21,Wolverhampton Wanderers,Crystal Palace,0-2,51.9 Possession % 48.1,1 Shots on target 4,9 Shots 17
210,38518,Sat 12 Jan 2019,Matchweek 22,Brighton and Hove Albion,Liverpool,0-1,29.1 Possession % 70.9,0 Shots on target 3,7 Shots 10
211,38519,Sat 12 Jan 2019,Matchweek 22,Burnley,Fulham,2-1,41.8 Possession % 58.2,1 Shots on target 4,11 Shots 12
212,38520,Sat 12 Jan 2019,Matchweek 22,Cardiff City,Huddersfield Town,0-0,38.9 Possession % 61.1,0 Shots on target 2,3 Shots 14
213,38521,Sun 13 Jan 2019,Matchweek 22,Chelsea,Newcastle United,2-1,65.9 Possession % 34.1,6 Shots on target 2,10 Shots 9
214,38522,Sat 12 Jan 2019,Matchweek 22,Crystal Palace,Watford,1-2,55.3 Possession % 44.7,6 Shots on target 2,15 Shots 16
215,38523,Sun 13 Jan 2019,Matchweek 22,Everton,AFC Bournemouth,2-0,50.9 Possession % 49.1,3 Shots on target 7,15 Shots 16
216,38524,Sat 12 Jan 2019,Matchweek 22,Leicester City,Southampton,1-2,71.7 Possession % 28.3,6 Shots on target 3,23 Shots 8
217,38525,Tue 15 Jan 2019,Matchweek 22,Manchester City,Wolverhampton Wanderers,3-0,76.1 Possession % 23.9,9 Shots on target 0,24 Shots 3
218,38526,Sun 13 Jan 2019,Matchweek 22,Tottenham Hotspur,Manchester United,0-1,61.2 Possession % 38.8,11 Shots on target 8,21 Shots 13
219,38527,Sat 12 Jan 2019,Matchweek 22,West Ham United,Arsenal,1-0,41.4 Possession % 58.6,3 Shots on target 2,11 Shots 11
220,38528,Sun 20 Jan 2019,Matchweek 23,Arsenal,Chelsea,2-0,35.7 Possession % 64.3,5 Shots on target 1,13 Shots 13
221,38529,Sat 19 Jan 2019,Matchweek 23,AFC Bournemouth,West Ham United,2-0,38.5 Possession % 61.5,4 Shots on target 1,10 Shots 9
222,38530,Sun 20 Jan 2019,Matchweek 23,Fulham,Tottenham Hotspur,1-2,26.8 Possession % 73.2,4 Shots on target 5,12 Shots 14
223,38531,Sun 20 Jan 2019,Matchweek 23,Huddersfield Town,Manchester City,0-3,32.4 Possession % 67.6,2 Shots on target 4,5 Shots 12
224,38532,Sat 19 Jan 2019,Matchweek 23,Liverpool,Crystal Palace,4-3,70.6 Possession % 29.4,9 Shots on target 3,19 Shots 9
225,38533,Sat 19 Jan 2019,Matchweek 23,Manchester United,Brighton and Hove Albion,2-1,56 Possession % 44,5 Shots on target 3,20 Shots 7
226,38534,Sat 19 Jan 2019,Matchweek 23,Newcastle United,Cardiff City,3-0,53.5 Possession % 46.5,6 Shots on target 1,16 Shots 9
227,38535,Sat 19 Jan 2019,Matchweek 23,Southampton,Everton,2-1,39.4 Possession % 60.6,4 Shots on target 2,11 Shots 7
228,38536,Sat 19 Jan 2019,Matchweek 23,Watford,Burnley,0-0,54.8 Possession % 45.2,4 Shots on target 3,9 Shots 12
229,38537,Sat 19 Jan 2019,Matchweek 23,Wolverhampton Wanderers,Leicester City,4-3,45.6 Possession % 54.4,7 Shots on target 6,12 Shots 16
230,38538,Wed 30 Jan 2019,Matchweek 24,Arsenal,Cardiff City,2-1,70.9 Possession % 29.1,4 Shots on target 2,15 Shots 19
231,38539,Thu 31 Jan 2019,Matchweek 24,AFC Bournemouth,Chelsea,4-0,32.1 Possession % 67.9,7 Shots on target 7,12 Shots 11
232,38540,Wed 30 Jan 2019,Matchweek 24,Fulham,Brighton and Hove Albion,4-2,61.9 Possession % 38.1,8 Shots on target 6,24 Shots 15
233,38541,Wed 30 Jan 2019,Matchweek 24,Huddersfield Town,Everton,0-1,58.4 Possession % 41.6,2 Shots on target 5,10 Shots 10
234,38542,Wed 30 Jan 2019,Matchweek 24,Manchester United,Burnley,2-2,74.4 Possession % 25.6,9 Shots on target 4,28 Shots 6
235,38543,Wed 30 Jan 2019,Matchweek 24,Wolverhampton Wanderers,West Ham United,3-0,54.7 Possession % 45.3,9 Shots on target 0,20 Shots 4
236,38544,Thu 31 Jan 2019,Matchweek 24,Liverpool,Leicester City,1-1,72.1 Possession % 27.9,3 Shots on target 2,10 Shots 5
237,38545,Wed 30 Jan 2019,Matchweek 24,Newcastle United,Manchester City,2-1,23.8 Possession % 76.2,2 Shots on target 4,7 Shots 12
238,38546,Thu 31 Jan 2019,Matchweek 24,Southampton,Crystal Palace,1-1,58.8 Possession % 41.2,4 Shots on target 3,13 Shots 15
239,38547,Thu 31 Jan 2019,Matchweek 24,Tottenham Hotspur,Watford,2-1,68.5 Possession % 31.5,3 Shots on target 1,17 Shots 9
240,38548,Sat 2 Feb 2019,Matchweek 25,Brighton and Hove Albion,Watford,0-0,55.1 Possession % 44.9,4 Shots on target 0,21 Shots 5
241,38549,Sat 2 Feb 2019,Matchweek 25,Burnley,Southampton,1-1,54.2 Possession % 45.8,6 Shots on target 4,15 Shots 10
242,38550,Sun 3 Feb 2019,Matchweek 25,Cardiff City,AFC Bournemouth,2-0,26.9 Possession % 73.1,5 Shots on target 2,12 Shots 9
243,38551,Sat 2 Feb 2019,Matchweek 25,Chelsea,Huddersfield Town,5-0,65 Possession % 35,7 Shots on target 2,23 Shots 5
244,38552,Sat 2 Feb 2019,Matchweek 25,Crystal Palace,Fulham,2-0,37.3 Possession % 62.7,6 Shots on target 0,17 Shots 8
245,38553,Sat 2 Feb 2019,Matchweek 25,Everton,Wolverhampton Wanderers,1-3,64 Possession % 36,4 Shots on target 4,13 Shots 8
246,38554,Sun 3 Feb 2019,Matchweek 25,Leicester City,Manchester United,0-1,44.8 Possession % 55.2,6 Shots on target 6,17 Shots 10
247,38555,Sun 3 Feb 2019,Matchweek 25,Manchester City,Arsenal,3-1,58.8 Possession % 41.2,12 Shots on target 2,19 Shots 4
248,38556,Sat 2 Feb 2019,Matchweek 25,Tottenham Hotspur,Newcastle United,1-0,71.6 Possession % 28.4,4 Shots on target 2,21 Shots 8
249,38557,Tue 5 Feb 2019,Matchweek 25,West Ham United,Liverpool,1-1,26.7 Possession % 73.3,2 Shots on target 6,13 Shots 11
250,38558,Sun 10 Feb 2019,Matchweek 26,Brighton and Hove Albion,Burnley,1-3,68.2 Possession % 31.8,6 Shots on target 5,16 Shots 9
251,38559,Sat 9 Feb 2019,Matchweek 26,Crystal Palace,West Ham United,1-1,57.2 Possession % 42.8,5 Shots on target 4,25 Shots 6
252,38560,Sat 9 Feb 2019,Matchweek 26,Fulham,Manchester United,0-3,51.2 Possession % 48.8,3 Shots on target 7,15 Shots 15
253,38561,Sat 9 Feb 2019,Matchweek 26,Huddersfield Town,Arsenal,1-2,54.6 Possession % 45.4,7 Shots on target 4,16 Shots 9
254,38562,Sat 9 Feb 2019,Matchweek 26,Liverpool,AFC Bournemouth,3-0,65.6 Possession % 34.4,9 Shots on target 2,20 Shots 12
255,38563,Sun 10 Feb 2019,Matchweek 26,Manchester City,Chelsea,6-0,55.8 Possession % 44.2,9 Shots on target 4,15 Shots 12
256,38564,Sat 9 Feb 2019,Matchweek 26,Southampton,Cardiff City,1-2,66.7 Possession % 33.3,7 Shots on target 3,14 Shots 6
257,38565,Sun 10 Feb 2019,Matchweek 26,Tottenham Hotspur,Leicester City,3-1,53.1 Possession % 46.9,5 Shots on target 9,12 Shots 20
258,38566,Sat 9 Feb 2019,Matchweek 26,Watford,Everton,1-0,44 Possession % 56,2 Shots on target 4,7 Shots 9
259,38567,Tue 12 Feb 2019,Matchweek 26,Wolverhampton Wanderers,Newcastle United,1-1,59.5 Possession % 40.5,6 Shots on target 3,22 Shots 9
260,38568,Sun 24 Feb 2019,Matchweek 27,Arsenal,Southampton,2-0,62.1 Possession % 37.9,4 Shots on target 4,12 Shots 10
261,38569,Sat 23 Feb 2019,Matchweek 27,AFC Bournemouth,Wolverhampton Wanderers,1-1,44.6 Possession % 55.4,3 Shots on target 2,10 Shots 10
262,38570,Sat 23 Feb 2019,Matchweek 27,Burnley,Tottenham Hotspur,2-1,30.5 Possession % 69.5,4 Shots on target 6,10 Shots 17
263,38571,Sat 23 Feb 2019,Matchweek 27,Cardiff City,Watford,1-5,35.4 Possession % 64.6,6 Shots on target 7,15 Shots 12
264,38572,Thu 4 Apr 2019,Matchweek 32,Chelsea,Brighton and Hove Albion,3-0,68.3 Possession % 31.7,4 Shots on target 1,17 Shots 3
265,38573,Thu 7 Feb 2019,Matchweek 25,Everton,Manchester City,0-2,38.8 Possession % 61.2,1 Shots on target 4,4 Shots 15
266,38574,Sun 24 Feb 2019,Matchweek 27,Leicester City,Crystal Palace,1-4,65.4 Possession % 34.6,5 Shots on target 5,27 Shots 7
267,38575,Sun 24 Feb 2019,Matchweek 27,Manchester United,Liverpool,0-0,35.4 Possession % 64.6,3 Shots on target 1,6 Shots 7
268,38576,Sat 23 Feb 2019,Matchweek 27,Newcastle United,Huddersfield Town,2-0,54.3 Possession % 45.7,12 Shots on target 0,29 Shots 3
269,38577,Sat 23 Feb 2019,Matchweek 27,West Ham United,Fulham,3-1,55.1 Possession % 44.9,7 Shots on target 5,21 Shots 8
270,38578,Thu 28 Feb 2019,Matchweek 28,Arsenal,AFC Bournemouth,5-1,64.8 Possession % 35.2,7 Shots on target 5,16 Shots 13
271,38579,Wed 27 Feb 2019,Matchweek 28,Cardiff City,Everton,0-3,32.8 Possession % 67.2,0 Shots on target 4,6 Shots 12
272,38580,Thu 28 Feb 2019,Matchweek 28,Crystal Palace,Manchester United,1-3,45.5 Possession % 54.5,2 Shots on target 4,17 Shots 13
273,38581,Wed 27 Feb 2019,Matchweek 28,Huddersfield Town,Wolverhampton Wanderers,1-0,49.9 Possession % 50.1,3 Shots on target 0,15 Shots 7
274,38582,Wed 27 Feb 2019,Matchweek 28,Leicester City,Brighton and Hove Albion,2-1,49.1 Possession % 50.9,3 Shots on target 3,19 Shots 15
275,38583,Thu 28 Feb 2019,Matchweek 28,Chelsea,Tottenham Hotspur,2-0,46.5 Possession % 53.5,1 Shots on target 0,11 Shots 9
276,38584,Thu 28 Feb 2019,Matchweek 28,Liverpool,Watford,5-0,61.6 Possession % 38.4,10 Shots on target 3,19 Shots 5
277,38585,Thu 28 Feb 2019,Matchweek 28,Manchester City,West Ham United,1-0,75.6 Possession % 24.4,7 Shots on target 1,20 Shots 2
278,38586,Wed 27 Feb 2019,Matchweek 28,Newcastle United,Burnley,2-0,54.3 Possession % 45.7,3 Shots on target 2,13 Shots 12
279,38587,Thu 28 Feb 2019,Matchweek 28,Southampton,Fulham,2-0,40.9 Possession % 59.1,4 Shots on target 4,14 Shots 14
280,38588,Sat 2 Mar 2019,Matchweek 29,AFC Bournemouth,Manchester City,0-1,18 Possession % 82,0 Shots on target 7,0 Shots 23
281,38589,Sat 2 Mar 2019,Matchweek 29,Brighton and Hove Albion,Huddersfield Town,1-0,52.7 Possession % 47.3,4 Shots on target 4,14 Shots 6
282,38590,Sat 2 Mar 2019,Matchweek 29,Burnley,Crystal Palace,1-3,56.3 Possession % 43.7,4 Shots on target 4,18 Shots 10
283,38591,Sun 3 Mar 2019,Matchweek 29,Everton,Liverpool,0-0,42.2 Possession % 57.8,3 Shots on target 3,7 Shots 10
284,38592,Sun 3 Mar 2019,Matchweek 29,Fulham,Chelsea,1-2,36 Possession % 64,5 Shots on target 7,12 Shots 20
285,38593,Sat 2 Mar 2019,Matchweek 29,Manchester United,Southampton,3-2,64.2 Possession % 35.8,6 Shots on target 3,16 Shots 9
286,38594,Sat 2 Mar 2019,Matchweek 29,Tottenham Hotspur,Arsenal,1-1,60.2 Possession % 39.8,3 Shots on target 4,11 Shots 9
287,38595,Sun 3 Mar 2019,Matchweek 29,Watford,Leicester City,2-1,39 Possession % 61,5 Shots on target 2,6 Shots 14
288,38596,Sun 3 Mar 2019,Matchweek 29,West Ham United,Newcastle United,2-0,55.8 Possession % 44.2,4 Shots on target 2,10 Shots 17
289,38597,Sat 2 Mar 2019,Matchweek 29,Wolverhampton Wanderers,Cardiff City,2-0,56.3 Possession % 43.7,6 Shots on target 4,13 Shots 12
290,38598,Sun 10 Mar 2019,Matchweek 30,Arsenal,Manchester United,2-0,46.1 Possession % 53.9,3 Shots on target 4,14 Shots 14
291,38599,Sat 9 Mar 2019,Matchweek 30,Cardiff City,West Ham United,2-0,29.3 Possession % 70.7,7 Shots on target 2,16 Shots 9
292,38600,Sun 10 Mar 2019,Matchweek 30,Chelsea,Wolverhampton Wanderers,1-1,75.6 Possession % 24.4,6 Shots on target 1,22 Shots 2
293,38601,Sat 9 Mar 2019,Matchweek 30,Crystal Palace,Brighton and Hove Albion,1-2,62.7 Possession % 37.3,3 Shots on target 3,15 Shots 4
294,38602,Sat 9 Mar 2019,Matchweek 30,Huddersfield Town,AFC Bournemouth,0-2,56.5 Possession % 43.5,1 Shots on target 5,8 Shots 8
295,38603,Sat 9 Mar 2019,Matchweek 30,Leicester City,Fulham,3-1,52.8 Possession % 47.2,8 Shots on target 3,18 Shots 6
296,38604,Sun 10 Mar 2019,Matchweek 30,Liverpool,Burnley,4-2,68.6 Possession % 31.4,5 Shots on target 2,23 Shots 3
297,38605,Sun 10 Mar 2019,Matchweek 30,Manchester City,Watford,3-1,71.1 Possession % 28.9,9 Shots on target 1,19 Shots 2
298,38606,Sat 9 Mar 2019,Matchweek 30,Newcastle United,Everton,3-2,45.5 Possession % 54.5,7 Shots on target 3,19 Shots 7
299,38607,Sat 9 Mar 2019,Matchweek 30,Southampton,Tottenham Hotspur,2-1,36.8 Possession % 63.2,4 Shots on target 5,12 Shots 16
300,38608,Sat 16 Mar 2019,Matchweek 31,AFC Bournemouth,Newcastle United,2-2,48.9 Possession % 51.1,3 Shots on target 4,10 Shots 12
301,38609,Wed 17 Apr 2019,Matchweek 34,Brighton and Hove Albion,Cardiff City,0-2,63.9 Possession % 36.1,2 Shots on target 3,14 Shots 10
302,38610,Sat 16 Mar 2019,Matchweek 31,Burnley,Leicester City,1-2,62.2 Possession % 37.8,2 Shots on target 4,13 Shots 9
303,38611,Sun 17 Mar 2019,Matchweek 31,Everton,Chelsea,2-0,32.7 Possession % 67.3,8 Shots on target 5,15 Shots 17
304,38612,Sun 17 Mar 2019,Matchweek 31,Fulham,Liverpool,1-2,37.2 Possession % 62.8,2 Shots on target 6,7 Shots 16
305,38613,Thu 25 Apr 2019,Matchweek 35,Manchester United,Manchester City,0-2,36.8 Possession % 63.2,1 Shots on target 5,12 Shots 8
306,38614,Thu 4 Apr 2019,Matchweek 32,Tottenham Hotspur,Crystal Palace,2-0,65.3 Possession % 34.7,10 Shots on target 1,26 Shots 5
307,38615,Wed 24 Apr 2019,Matchweek 35,Watford,Southampton,1-1,62.2 Possession % 37.8,4 Shots on target 4,15 Shots 8
308,38616,Sat 16 Mar 2019,Matchweek 31,West Ham United,Huddersfield Town,4-3,64.1 Possession % 35.9,5 Shots on target 5,16 Shots 15
309,38617,Thu 25 Apr 2019,Matchweek 35,Wolverhampton Wanderers,Arsenal,3-1,29.6 Possession % 70.4,3 Shots on target 1,11 Shots 11
310,38618,Tue 2 Apr 2019,Matchweek 32,Arsenal,Newcastle United,2-0,70.6 Possession % 29.4,4 Shots on target 1,7 Shots 3
311,38619,Sat 30 Mar 2019,Matchweek 32,Brighton and Hove Albion,Southampton,0-1,60.2 Possession % 39.8,1 Shots on target 2,14 Shots 8
312,38620,Sat 30 Mar 2019,Matchweek 32,Burnley,Wolverhampton Wanderers,2-0,37.2 Possession % 62.8,1 Shots on target 1,6 Shots 8
313,38621,Sun 31 Mar 2019,Matchweek 32,Cardiff City,Chelsea,1-2,28.9 Possession % 71.1,3 Shots on target 3,8 Shots 21
314,38622,Sat 30 Mar 2019,Matchweek 32,Crystal Palace,Huddersfield Town,2-0,48.5 Possession % 51.5,5 Shots on target 5,19 Shots 15
315,38623,Sat 30 Mar 2019,Matchweek 32,Fulham,Manchester City,0-2,34.6 Possession % 65.4,0 Shots on target 7,5 Shots 24
316,38624,Sat 30 Mar 2019,Matchweek 32,Leicester City,AFC Bournemouth,2-0,58.8 Possession % 41.2,4 Shots on target 2,18 Shots 8
317,38625,Sun 31 Mar 2019,Matchweek 32,Liverpool,Tottenham Hotspur,2-1,48.7 Possession % 51.3,3 Shots on target 2,14 Shots 11
318,38626,Sat 30 Mar 2019,Matchweek 32,Manchester United,Watford,2-1,51.5 Possession % 48.5,5 Shots on target 8,8 Shots 20
319,38627,Sun 31 Mar 2019,Matchweek 32,West Ham United,Everton,0-2,49.3 Possession % 50.7,1 Shots on target 9,3 Shots 17
320,38628,Sat 6 Apr 2019,Matchweek 33,AFC Bournemouth,Burnley,1-3,59.9 Possession % 40.1,2 Shots on target 3,10 Shots 10
321,38629,Tue 9 Apr 2019,Matchweek 33,Chelsea,West Ham United,2-0,54 Possession % 46,7 Shots on target 2,16 Shots 9
322,38630,Sun 7 Apr 2019,Matchweek 33,Everton,Arsenal,1-0,42.9 Possession % 57.1,6 Shots on target 2,23 Shots 7
323,38631,Sat 6 Apr 2019,Matchweek 33,Huddersfield Town,Leicester City,1-4,44.8 Possession % 55.2,4 Shots on target 9,10 Shots 18
324,38632,Thu 4 Apr 2019,Matchweek 32,Manchester City,Cardiff City,2-0,78.8 Possession % 21.2,11 Shots on target 1,27 Shots 4
325,38633,Sat 6 Apr 2019,Matchweek 33,Newcastle United,Crystal Palace,0-1,53.8 Possession % 46.2,5 Shots on target 1,18 Shots 3
326,38634,Sat 6 Apr 2019,Matchweek 33,Southampton,Liverpool,1-3,33 Possession % 67,1 Shots on target 5,11 Shots 17
327,38635,Wed 24 Apr 2019,Matchweek 35,Tottenham Hotspur,Brighton and Hove Albion,1-0,78.5 Possession % 21.5,5 Shots on target 1,29 Shots 6
328,38636,Wed 3 Apr 2019,Matchweek 32,Watford,Fulham,4-1,46.6 Possession % 53.4,7 Shots on target 7,15 Shots 17
329,38637,Wed 3 Apr 2019,Matchweek 32,Wolverhampton Wanderers,Manchester United,2-1,49.8 Possession % 50.2,2 Shots on target 4,9 Shots 18
330,38638,Sat 13 Apr 2019,Matchweek 34,Brighton and Hove Albion,AFC Bournemouth,0-5,50.1 Possession % 49.9,1 Shots on target 7,8 Shots 14
331,38639,Sat 13 Apr 2019,Matchweek 34,Burnley,Cardiff City,2-0,46 Possession % 54,7 Shots on target 2,14 Shots 14
332,38640,Sun 14 Apr 2019,Matchweek 34,Crystal Palace,Manchester City,1-3,27.6 Possession % 72.4,3 Shots on target 6,7 Shots 20
333,38641,Sat 13 Apr 2019,Matchweek 34,Fulham,Everton,2-0,40.6 Possession % 59.4,5 Shots on target 1,12 Shots 9
334,38642,Sat 13 Apr 2019,Matchweek 34,Leicester City,Newcastle United,0-1,71.7 Possession % 28.3,5 Shots on target 5,12 Shots 11
335,38643,Sun 14 Apr 2019,Matchweek 34,Liverpool,Chelsea,2-0,61.8 Possession % 38.2,7 Shots on target 3,15 Shots 6
336,38644,Sat 13 Apr 2019,Matchweek 34,Manchester United,West Ham United,2-1,42.3 Possession % 57.7,4 Shots on target 4,14 Shots 18
337,38645,Sat 13 Apr 2019,Matchweek 34,Southampton,Wolverhampton Wanderers,3-1,30.7 Possession % 69.3,6 Shots on target 2,12 Shots 17
338,38646,Sat 13 Apr 2019,Matchweek 34,Tottenham Hotspur,Huddersfield Town,4-0,70 Possession % 30,5 Shots on target 1,22 Shots 7
339,38647,Tue 16 Apr 2019,Matchweek 34,Watford,Arsenal,0-1,34.1 Possession % 65.9,3 Shots on target 5,11 Shots 19
340,38648,Sun 21 Apr 2019,Matchweek 35,Arsenal,Crystal Palace,2-3,72.6 Possession % 27.4,5 Shots on target 7,12 Shots 16
341,38649,Sat 20 Apr 2019,Matchweek 35,AFC Bournemouth,Fulham,0-1,49 Possession % 51,5 Shots on target 5,15 Shots 17
342,38650,Sun 21 Apr 2019,Matchweek 35,Cardiff City,Liverpool,0-2,23.9 Possession % 76.1,2 Shots on target 6,7 Shots 17
343,38651,Tue 23 Apr 2019,Matchweek 35,Chelsea,Burnley,2-2,76.4 Possession % 23.6,9 Shots on target 3,22 Shots 6
344,38652,Sun 21 Apr 2019,Matchweek 35,Everton,Manchester United,4-0,48.3 Possession % 51.7,8 Shots on target 1,15 Shots 7
345,38653,Sat 20 Apr 2019,Matchweek 35,Huddersfield Town,Watford,1-2,45.7 Possession % 54.3,3 Shots on target 6,13 Shots 11
346,38654,Sat 20 Apr 2019,Matchweek 35,Manchester City,Tottenham Hotspur,1-0,60.7 Possession % 39.3,4 Shots on target 4,15 Shots 10
347,38655,Sat 20 Apr 2019,Matchweek 35,Newcastle United,Southampton,3-1,43.4 Possession % 56.6,6 Shots on target 3,15 Shots 15
348,38656,Sat 20 Apr 2019,Matchweek 35,West Ham United,Leicester City,2-2,49.3 Possession % 50.7,3 Shots on target 5,11 Shots 11
349,38657,Sat 20 Apr 2019,Matchweek 35,Wolverhampton Wanderers,Brighton and Hove Albion,0-0,68.2 Possession % 31.8,5 Shots on target 0,23 Shots 5
350,38658,Sat 27 Apr 2019,Matchweek 36,Brighton and Hove Albion,Newcastle United,1-1,49.8 Possession % 50.2,2 Shots on target 1,9 Shots 9
351,38659,Sun 28 Apr 2019,Matchweek 36,Burnley,Manchester City,0-1,30.1 Possession % 69.9,0 Shots on target 7,2 Shots 25
352,38660,Sat 27 Apr 2019,Matchweek 36,Crystal Palace,Everton,0-0,36.1 Possession % 63.9,0 Shots on target 3,8 Shots 22
353,38661,Sat 27 Apr 2019,Matchweek 36,Fulham,Cardiff City,1-0,73 Possession % 27,2 Shots on target 8,8 Shots 13
354,38662,Sun 28 Apr 2019,Matchweek 36,Leicester City,Arsenal,3-0,67.2 Possession % 32.8,12 Shots on target 1,24 Shots 6
355,38663,Sat 27 Apr 2019,Matchweek 36,Liverpool,Huddersfield Town,5-0,70.3 Possession % 29.7,7 Shots on target 1,21 Shots 5
356,38664,Sun 28 Apr 2019,Matchweek 36,Manchester United,Chelsea,1-1,51.7 Possession % 48.3,5 Shots on target 3,7 Shots 16
357,38665,Sat 27 Apr 2019,Matchweek 36,Southampton,AFC Bournemouth,3-3,44.4 Possession % 55.6,7 Shots on target 5,22 Shots 9
358,38666,Sat 27 Apr 2019,Matchweek 36,Tottenham Hotspur,West Ham United,0-1,63 Possession % 37,4 Shots on target 7,14 Shots 16
359,38667,Sat 27 Apr 2019,Matchweek 36,Watford,Wolverhampton Wanderers,1-2,56.5 Possession % 43.5,1 Shots on target 4,10 Shots 11
360,38668,Sun 5 May 2019,Matchweek 37,Arsenal,Brighton and Hove Albion,1-1,70.5 Possession % 29.5,8 Shots on target 5,20 Shots 11
361,38669,Sat 4 May 2019,Matchweek 37,AFC Bournemouth,Tottenham Hotspur,1-0,53.6 Possession % 46.4,6 Shots on target 5,20 Shots 11
362,38670,Sat 4 May 2019,Matchweek 37,Cardiff City,Crystal Palace,2-3,39.3 Possession % 60.7,8 Shots on target 7,18 Shots 21
363,38671,Sun 5 May 2019,Matchweek 37,Chelsea,Watford,3-0,58.4 Possession % 41.6,9 Shots on target 3,19 Shots 16
364,38672,Sat 4 May 2019,Matchweek 37,Everton,Burnley,2-0,60.1 Possession % 39.9,6 Shots on target 1,20 Shots 5
365,38673,Sun 5 May 2019,Matchweek 37,Huddersfield Town,Manchester United,1-1,35.8 Possession % 64.2,3 Shots on target 7,7 Shots 23
366,38674,Tue 7 May 2019,Matchweek 37,Manchester City,Leicester City,1-0,61 Possession % 39,5 Shots on target 2,19 Shots 7
367,38675,Sun 5 May 2019,Matchweek 37,Newcastle United,Liverpool,2-3,30.9 Possession % 69.1,7 Shots on target 4,14 Shots 11
368,38676,Sat 4 May 2019,Matchweek 37,West Ham United,Southampton,3-0,56.3 Possession % 43.7,6 Shots on target 1,17 Shots 11
369,38677,Sat 4 May 2019,Matchweek 37,Wolverhampton Wanderers,Fulham,1-0,39.2 Possession % 60.8,6 Shots on target 2,19 Shots 6
370,38678,Sun 12 May 2019,Matchweek 38,Brighton and Hove Albion,Manchester City,1-4,23.7 Possession % 76.3,2 Shots on target 9,6 Shots 20
371,38679,Sun 12 May 2019,Matchweek 38,Burnley,Arsenal,1-3,39.7 Possession % 60.3,5 Shots on target 6,14 Shots 17
372,38680,Sun 12 May 2019,Matchweek 38,Crystal Palace,AFC Bournemouth,5-3,45 Possession % 55,8 Shots on target 8,17 Shots 16
373,38681,Sun 12 May 2019,Matchweek 38,Fulham,Newcastle United,0-4,68.1 Possession % 31.9,2 Shots on target 6,16 Shots 13
374,38682,Sun 12 May 2019,Matchweek 38,Leicester City,Chelsea,0-0,46.9 Possession % 53.1,3 Shots on target 4,9 Shots 14
375,38683,Sun 12 May 2019,Matchweek 38,Liverpool,Wolverhampton Wanderers,2-0,59 Possession % 41,5 Shots on target 2,13 Shots 7
376,38684,Sun 12 May 2019,Matchweek 38,Manchester United,Cardiff City,0-2,73.6 Possession % 26.4,10 Shots on target 4,26 Shots 13
377,38685,Sun 12 May 2019,Matchweek 38,Southampton,Huddersfield Town,1-1,53.7 Possession % 46.3,3 Shots on target 3,10 Shots 10
378,38686,Sun 12 May 2019,Matchweek 38,Tottenham Hotspur,Everton,2-2,55 Possession % 45,3 Shots on target 9,11 Shots 16
379,38687,Sun 12 May 2019,Matchweek 38,Watford,West Ham United,1-4,48.3 Possession % 51.7,8 Shots on target 9,17 Shots 16
